dX_1,dX_2,dX_3
1.265025961,-0.252280122,0.189629671
0.322965597,0.714041019,-0.409283868
1.125296634,-2.052543622,-0.501886097
0.152071782,-0.842990308,-0.045161444
0.701208027,0.926582107,0.825685796
0.671954478,-1.53962758,0.141372768
-0.415431527,-1.972545614,0.303950048
-1.290100878,-0.308932587,1.183816412
-1.008182844,-0.141087683,1.5203811
-0.94444048,0.210923517,-0.749077604
-0.102312652,-0.735531843,-1.049238281
-0.604830084,1.285236855,-0.479115933
-1.510428923,-1.90667918,0.389681742
-0.266667948,0.875817108,0.292311135
-0.450612663,-0.96945993,-0.505571095
0.0617421,-0.309733672,-0.033202162
-0.385190101,0.093669282,-0.436536062
-0.526320301,-0.474560824,1.004920063
2.126087488,-0.521842846,1.015774163
-0.55515365,1.95687322,1.056485368
-0.485230756,-0.73305511,0.079359371
-0.265990824,-0.088828655,1.847476733
-0.554701007,1.229700329,0.44578197
-0.078370708,-0.680016819,0.17980399
-0.38408842,-0.444241153,-0.403965442
-0.670508517,0.544671096,0.23147435
-0.616205031,1.616418013,0.419229103
-0.947478549,1.240350903,1.132055591
0.022837801,-0.290488182,-0.017227013
0.16955984,-0.790466992,-0.303575993
0.080021111,-1.09620842,-1.202130457
0.266786692,-0.439721722,-0.503968267
-0.33007396,-2.344880002,-0.200020503
0.070041688,0.030418439,-2.117855124
0.417382069,0.909285692,-0.674454949
0.12736835,0.264214565,0.233366924
0.763758366,0.482237717,-0.269483334
-0.159438067,-0.354620876,-0.366401924
-0.088069243,-0.330746229,-0.361916198
0.429915603,0.006687288,-0.481631466
-0.015944328,0.570744752,0.046428582
-0.467632275,-2.122365978,-1.245399801
0.81112917,1.255262965,-0.650631747
0.638270851,1.918709393,-0.347617488
-1.434789336,-1.119826521,0.291349206
1.545122033,-0.405999831,0.631905428
0.910399128,-0.202998453,0.630782375
-0.157041714,1.441985897,2.182427796
-2.832591648,0.587178515,-0.956039656
-0.214427951,-0.867582363,0.597123616
0.827792578,1.361326286,2.473426459
0.252317495,-1.36927032,0.492152454
1.274178493,-0.968650439,-0.402694023
-0.088091211,-0.135020146,-0.590629886
-0.828530292,1.183271997,-0.569978872
-0.910449722,0.254568671,0.78712952
-0.742563572,-0.391379885,0.293862669
1.842237796,-0.218421744,-1.332843607
0.260851727,-1.29101952,-0.16504433
-0.898608016,-0.301647732,-0.266929767
1.414704468,0.860810635,-0.267824318
1.010150039,-0.222666851,1.140668294
0.52912757,-1.961706859,-0.255477577
1.174592437,0.523560166,-0.935807676
0.452268419,-0.881669806,-0.386562478
0.500793089,-0.418655042,1.616595244
0.177928254,0.729591819,-0.295959297
0.692217933,-1.18321512,1.051080162
-0.836295014,-0.246900087,-1.202053131
1.803873628,-1.994580455,0.068628358
0.961244936,1.077768957,-1.197587251
-1.814341416,1.02290295,1.044563254
-0.312127966,-0.531120481,-0.944284301
0.750563153,0.899849225,2.008641043
-0.087187282,0.288949676,-0.990636309
-0.921489786,-0.614480947,-0.338871126
1.094935273,-1.358294467,-1.049560076
0.715206905,-0.698815669,-0.976157738
0.739348264,-1.974412355,0.011212519
1.118213777,-1.972265889,-0.408755572
-0.651430002,-0.460000285,0.008625251
-0.140936222,1.335446679,0.4464878
0.669171291,-1.037982788,-0.604514661
0.550957537,0.966099938,0.42099618
0.852019483,-0.235934747,0.172889823
1.161390873,0.156057345,-0.945632788
-1.21639352,0.566658372,1.508052389
-0.498726329,-0.254593798,1.364766561
-0.802301567,-0.13432864,-0.679430729
-0.579284617,-0.917588631,-0.429384605
-0.818082649,1.748348845,0.046424535
-1.843170982,-0.106902116,-0.698497054
1.127020209,-1.017441441,-0.591822897
-0.131560485,-0.697892882,1.786581553
0.28715571,0.342209421,-0.076079154
-1.681455552,1.806901113,-0.979984605
-0.774942297,-1.36008727,0.447795386
1.560812259,-0.442851378,-1.142645105
-1.384612941,-0.154382468,-1.050172166
-0.507250512,-0.131022703,-1.54353741
0.760461242,-0.376217446,-0.636236457
-1.288426497,-1.303044967,-0.35319953
0.26548432,-0.761235678,0.025224561
0.050081236,-2.101262282,0.349553095
-1.215110169,-1.309104562,0.333913445
-0.958981696,0.140466852,-0.004712364
-1.344880063,0.075666117,0.127046232
1.26233166,0.158310961,0.460344611
0.32145871,-0.685141518,0.083392019
0.117990276,-0.589528238,1.357619796
0.127939058,-0.074968208,-0.80687764
-0.951364913,1.613745434,0.280983778
-0.210432287,1.562854681,-1.25248263
1.805465654,0.390090409,0.879390349
1.680183459,-0.908844125,2.315262774
0.53890444,-0.702945601,0.664109001
2.230163344,1.017779479,1.969894251
-0.884012643,-0.667296966,0.849767815
0.335211547,1.079323918,1.290571353
0.967433704,0.02719262,0.572082039
-0.750845138,0.32349618,-0.305403275
-0.559756451,0.348297534,0.885270606
-1.326188099,-1.195392028,1.049483816
0.260005537,-0.799815342,2.040981908
0.244269698,0.37804447,0.189506519
0.42959363,1.457837418,0.557550836
-1.200643029,1.297543659,-0.856624191
0.11241668,-1.315220344,-1.741368875
-1.742331497,0.625639096,0.656558637
1.145559162,1.519656802,-0.348138027
0.271168083,-0.521040359,0.7343465
-0.874572017,1.141320184,0.156463089
1.378685325,1.573143015,-0.446845974
-0.196741804,0.673137418,-1.008046422
-1.197979099,-1.181435338,0.571373345
0.60422219,-0.381909412,0.49712698
-0.533882668,0.664153595,-0.111739581
1.055033029,1.365087405,-0.806116204
0.422821183,-0.021035751,0.692011196
-0.076809342,0.46270914,-1.370196021
-0.621504552,0.411422137,0.350225416
-1.016721041,-0.111012488,-0.011620066
-0.086779701,-1.839968572,1.911895852
0.900080891,0.839061771,1.033238001
-0.54401329,-0.76643269,0.615052674
-0.817381516,-1.120456064,0.026155076
-0.688509226,0.777310037,0.102697971
-2.199448451,0.28905814,0.661782675
1.708650582,-0.254717524,0.850302405
-0.811366337,0.848339709,0.607003602
-0.38674528,-1.691349493,0.120794289
-0.792940182,-0.450023684,-0.162642249
0.173552634,-0.199185223,-0.669516722
0.955667094,0.46555814,-1.72862586
-0.736123857,-1.156372533,0.778377774
-0.04742357,3.183638051,0.222415048
-0.864632595,-0.006776301,-0.006382803
0.240725445,0.11864488,0.877200134
-2.071668348,0.982865875,0.018031221
-0.049490638,-0.974003771,0.272551982
-0.624676587,0.246538113,2.555834795
-0.845151007,-0.348515204,-0.862194456
1.014052256,0.000194982,-0.249859371
1.359252562,-0.270530939,1.595176416
0.48972156,1.878429541,2.026834343
-0.687315177,1.54533251,1.721612459
1.222497702,0.020105784,-0.40871099
-0.082369645,-0.331848631,1.132217141
-0.54119707,0.271846027,1.092388793
-0.356532609,1.217224748,0.003705168
1.023214901,0.10126538,-1.512788347
0.050351378,-0.07430927,0.36557125
-0.457547318,0.928262828,0.095185801
-2.167226889,-1.769901518,-1.097853239
-0.310034844,-1.840445177,0.28758397
0.073130428,0.909734579,2.143241549
1.090638323,-0.246667743,0.617035255
0.436923703,1.338338522,-0.182456475
0.758693534,0.588446791,1.260956098
1.206007592,-0.239741375,-1.038253958
0.04782324,-0.253382456,-3.34512237
0.39277863,-0.237287589,0.696181045
-0.112866073,0.808390785,-0.176527288
-1.367216913,0.549962474,0.153597291
1.127587984,-3.349182249,0.843456651
0.021428333,1.186266873,0.498413761
-0.871790844,0.612374101,-1.048779268
2.444310374,-0.255718769,0.574551936
0.822329497,0.561829171,0.849984526
-1.11470256,-0.194491164,-1.000516792
-1.42236312,0.071687136,0.306642505
-0.697537432,-0.835477872,-1.535592266
1.442317295,-1.317569063,-0.471262942
0.022066383,0.199832513,0.222519507
1.0155398,-1.227934476,1.734235821
0.29768748,-1.207438588,-2.924705426
-1.159345043,0.953090762,0.114609519
0.193734348,0.296680184,0.478346003
-1.43848255,-0.947902973,-0.175682327
-0.273516994,1.317818695,0.61710694
1.159846562,0.430242816,-0.018748094
-0.320474234,-0.811141552,-0.850841625
-2.150561851,1.200900038,0.243452141
-1.193200207,0.930256511,0.924737326
-0.165896858,0.058600603,-0.041227655
-0.162168962,-0.147487579,1.774897875
0.151155453,0.333719957,0.642278751
-0.216900154,0.518961897,0.645161285
0.166709182,-0.310184278,-0.258267589
0.971917899,0.934406308,-1.310539943
-0.503001946,-0.460709757,0.37371156
0.498289643,-0.773051614,1.122166477
-1.045033162,0.532802445,-0.890203216
0.007980396,-0.89737005,-0.184929886
-1.949023627,0.833438564,1.681399119
-0.176944545,-0.56880165,-1.013459452
0.629539009,0.836214952,1.113668073
-0.862151859,-0.682407188,-0.026580908
0.245170514,-2.472349493,-1.537435407
0.984747286,2.12920542,0.496217271
0.321119831,0.788113827,0.499388357
1.894055203,1.162758036,-0.2159119
-0.517996071,0.644058222,0.091216633
-0.661795161,-1.403425519,-0.429455938
-0.646678294,-0.634147511,-1.146791561
2.173481687,0.514032472,1.245662046
-1.025416073,1.092355192,0.34090272
-0.910645931,1.229541175,0.144515163
-1.60499317,-0.962645676,0.89197297
0.820966591,1.217691753,0.48690968
0.774216497,-0.196341929,2.187344383
0.369489092,2.507429382,0.275008546
0.155975702,0.92254436,1.745877719
0.476807818,-1.394067104,-2.004847609
0.901637355,0.805981314,0.162332072
0.023497922,-0.839512059,-0.262096834
-0.557873789,-0.632801843,-1.53883972
-0.046421806,-0.157629556,-0.983589388
-0.63154973,-0.296950157,-1.600668381
-1.299061501,-0.020596346,0.455522763
-1.051084271,1.007302202,-0.399256475
-0.876975979,-0.381108176,-0.691856012
0.80709521,-0.962906461,1.163206325
-0.233507028,-2.273206049,-2.138566438
-1.658298728,0.005639354,1.206826144
-0.011329179,0.639109709,-0.591731247
-0.976998805,-0.564123987,-0.044551601
-0.929247808,0.281954426,1.102652592
1.254178585,1.300024555,-0.088016358
1.379386183,0.928408483,-0.776931377
1.496339254,0.313926906,0.235124874
0.34093662,-0.459970525,-0.098242867
2.145330655,-0.042890291,0.381236087
-0.019024648,-0.70868391,1.047103379
0.663571062,0.280637079,-0.047845545
0.816835301,0.32583189,-0.617173596
-1.609646496,-0.120411999,-0.549891058
0.438744798,-0.768793833,0.986259145
1.095576554,-0.379662683,0.184105725
-0.627997751,-1.846391435,-1.088957488
-0.161466566,-0.238278662,-0.149184796
-0.181976085,0.767010119,1.436941454
0.615963418,-2.867686997,-0.047488773
-1.114021475,1.120341843,0.829961649
0.766045068,1.130187601,0.994659388
-1.200806597,-0.884339586,0.120984382
0.271801637,0.735698025,0.706709578
-0.805041931,0.849057702,0.817146659
-0.922440179,-0.770230025,0.124212051
-0.40814284,-0.529924474,-0.524112628
-0.066855082,1.055045846,-0.306871243
0.585284434,-1.155721789,-0.507159
0.288667901,-0.134118993,0.640785005
-0.431073139,-0.03775883,0.162577625
1.542063211,-0.089782103,1.172941469
0.638519731,2.096261288,1.25378781
-0.671174403,2.459098851,-0.707738209
0.583068549,-1.40776105,1.795284842
1.547016255,0.236859492,1.360260109
-0.083869562,-0.184691439,-0.436733447
-0.282989243,-0.063323541,0.222380913
1.62133173,0.548446163,-1.643712181
2.040036022,-0.435240056,0.770049078
0.38110428,-0.673672269,1.250399563
-0.208619768,-0.340616704,-0.719401546
0.79702177,-0.776664843,-1.089542806
0.048802166,0.708785932,1.456271466
-0.735924831,0.251318162,1.175915001
-0.80443422,0.31180887,-0.027636231
-0.664914878,2.318896904,1.068919399
1.522826931,-0.531701888,-0.513255352
-0.56959612,0.583342077,0.077656503
0.229074041,-0.229944629,-0.950275361
0.617461232,-1.004969316,0.482181232
-1.111235991,1.491176985,-1.851544697
0.377097266,-1.291114671,-1.442984673
-0.363071951,1.041905006,0.182743829
0.245576823,-1.509963298,-0.042017824
-0.512180408,-0.061892271,-0.597946832
-1.469204414,-0.013435337,-0.534309389
-1.037266821,-2.069595642,-0.130121941
1.462820956,-0.533317109,-0.417548421
-0.75497465,0.044094876,1.729958501
0.776046862,1.155551603,0.601365052
-0.339097938,0.392449783,-0.580871388
-1.496607415,-0.818382061,0.604791773
-1.177447634,0.204827924,0.687701923
0.352600974,1.166555894,0.462046972
0.017957033,0.370528389,0.951312412
-1.684877591,-0.577670639,1.025905723
1.815937246,-1.829335417,0.48836302
-2.072230827,2.009661693,0.922053402
-0.940281817,-0.805895699,0.898968654
-0.379071955,0.557811198,-0.474504744
-0.442011979,0.372205806,-1.010949011
0.830263345,-0.243448834,-1.846670834
-0.408526461,0.939083262,0.417807308
0.547076165,0.249209791,0.783788067
0.317641015,-1.292580971,0.379710869
0.095876132,-0.678482573,0.165108798
-0.975734473,-1.10049864,1.493058785
0.968963531,-0.480336408,-1.395497677
0.319163577,0.579858646,-1.759013968
0.952265174,0.085233775,-0.595974893
0.482373662,0.598376568,1.240688147
-1.015764604,-0.566823455,-0.565043049
-0.179470212,-1.130373581,0.508267706
0.595756849,0.368819761,-0.140882514
-0.7097833,-0.994511066,1.315380688
-1.344505812,-0.893681668,-0.006404561
-0.021483285,0.437232412,-0.795289645
-1.304859907,-0.516277907,1.830347745
-0.886220215,-1.326453142,0.848241388
-1.042399857,-0.852790257,0.197645294
-1.569233127,0.478850513,-0.040168086
0.936585827,0.699183389,-1.390927685
0.772324905,0.733826388,-0.671972398
-0.05647957,-0.06979858,-1.40587288
1.646572213,0.038556211,-0.170961024
-0.662098839,-0.336201915,0.849004204
-2.149254414,-0.022020562,-0.356974685
-1.17114795,-1.35063605,-0.25476324
-0.176081953,0.231410186,0.401617593
-1.937060956,-0.291345561,1.541528153
-0.965860316,0.623754148,0.020329976
0.732083531,-0.434689729,0.440039036
-1.272484254,0.202094537,0.224810662
0.359283623,-1.244531907,-0.191425733
0.934146684,-1.236434161,-0.650163977
1.263801551,-0.727839083,0.608435662
0.720243783,2.634721596,-1.373503203
-0.94217887,0.299377961,-1.451719708
-0.571830364,1.502551323,0.576720376
-0.143154616,-0.017571956,0.330161438
-0.711878997,-0.311221047,-0.178149185
0.04295888,1.442030439,0.887553888
1.193938819,-0.648647991,-0.000880573
0.64313926,1.076848349,1.333951701
-0.343913304,-0.7790909,0.550244791
-0.035760213,-2.935185068,-1.361998436
0.705740865,1.010099023,-1.028177062
1.551686558,0.962410739,-1.215132551
0.369882944,0.030156358,0.30691449
-0.645463237,0.249358692,-1.121426582
-0.926353597,-0.438954676,0.119816693
-1.638368345,-0.454395239,-0.073687628
-0.408201378,1.177746632,1.217724751
-0.027792134,0.962777573,-1.880308583
0.838125974,-0.115016927,-0.981502396
0.768744123,-0.551324564,0.043177326
0.243286921,-0.22933358,0.192846113
0.8183623,0.458568102,-0.360941855
-0.53063584,-0.437521834,1.196670268
0.870882471,-0.02781139,-1.307350894
0.061770018,-0.130795236,2.135377342
-0.370882044,0.082028757,0.612207058
-0.268517395,1.267908393,-0.032289817
-1.125430106,2.027365427,-1.491327951
0.98632528,-0.476364251,-0.469501967
0.793184545,1.611555862,-0.541157079
-0.02413308,-0.429463251,-1.270779871
2.997868752,0.336695438,0.23464497
-0.425720078,0.796241783,-1.028829277
1.621807464,-0.183609748,1.216050975
-0.246322499,-0.056127925,-0.358253626
0.659421309,1.794035897,0.427505642
0.733552509,0.567138536,0.505957649
0.853392951,-2.002392134,0.061096804
-0.392424198,-0.026554701,0.87815601
-1.153606174,-0.614701192,0.72782863
1.853058178,-1.985533982,0.338536987
0.971742449,-0.926153836,0.052421934
-1.06931502,-0.564833034,-0.451564691
0.097357495,1.640801641,-1.169167559
-0.06469556,0.150639645,1.085680702
-0.476183232,-2.499510398,-0.028618153
-0.193405398,-0.842773036,-1.40106608
0.913827453,0.537452365,-1.131368196
0.239634642,-0.272900272,-0.227401379
0.88783618,0.78150929,0.113399746
0.51488748,-0.65549949,0.670734723
0.190300295,0.136317799,-0.649965701
-0.627536286,1.03636774,-1.290335302
-0.567619563,0.319300951,-0.627806566
-0.600517159,1.528758281,-0.965124325
-1.807134618,-0.319029203,-0.878757555
-0.416328929,-1.524879856,-0.701281117
1.38714419,-0.686079305,1.885542359
2.469871141,-1.325287618,-0.416993489
1.696050966,-2.103585751,-0.871552997
-0.86471985,1.089835784,0.156735393
0.309639178,-0.675704797,0.280502421
-0.467156951,0.048492406,-0.670578577
-1.276215557,1.056962207,0.326620414
0.409117588,0.551407779,-0.206162471
-0.906326187,-0.100664765,-0.22327653
-0.703698126,-0.947095937,-0.699403503
-0.257905328,-0.410989358,1.061652998
0.257287352,2.680148262,0.502246651
1.5528161,-2.006597994,0.947307704
0.562336215,0.024709066,-0.286230716
0.245611291,1.485300859,0.865912997
1.534931613,0.352022502,3.964028398
1.539963466,1.688811349,0.338565147
-0.385998387,0.474880193,-0.733699743
-0.041509048,-0.814800198,-1.970943617
-0.279672498,-0.558042221,1.033917209
0.070203663,0.397476186,1.267212169
2.427868834,0.591219665,1.084885288
-0.306681511,-1.038273706,-0.101233266
-0.400321498,-0.796429478,0.529435428
0.67711889,-0.763870347,-0.01202007
-0.324666596,0.497421227,0.797760607
-0.305115688,1.670407302,-0.155082454
1.15913448,0.076733666,0.273240353
-0.028886095,-0.583487517,-0.470972193
0.323746964,1.255155379,-1.60801575
0.795973975,1.780845926,-0.953297233
0.436078922,1.111020916,1.054907127
-1.137997515,0.501620797,-1.915714135
-1.295602043,1.263239792,0.593313222
1.760917951,-1.202535797,0.0959701
0.898081988,0.94465285,0.347462815
-2.480442272,1.094893956,0.369771649
0.32539037,0.62994928,-0.239379142
0.969214062,-0.073447771,0.963199335
-0.646108766,1.120143827,1.422609444
0.868090139,-2.009231787,-1.342679753
-1.199602019,-0.119778058,-0.753517176
1.268792817,1.787302216,0.197236405
0.075842642,-0.729282584,-0.820856549
0.609744404,-0.954163752,0.296556141
-1.976179045,0.050248956,-0.082098485
1.902957134,0.902210965,1.155939804
-3.155394033,-0.07473119,0.887667424
-1.487456939,-1.021171637,-0.818153909
0.352916806,1.224610507,-0.049241658
0.588469666,-0.119413011,0.228128056
2.35724063,-0.081883017,-1.506064654
-0.159645019,-0.333716604,-0.618644864
0.365368385,-0.692015218,1.432433143
-0.534516319,0.469878863,-0.866053053
-0.878360115,-0.318082712,-0.484134837
1.060497694,2.619827104,-0.505948032
0.733570304,0.496369265,-1.839820469
-0.772592084,-1.341254905,0.430055831
-1.216386818,-1.14694292,-0.15431479
1.836386802,-1.260725445,1.886531248
0.83974675,1.497220299,0.432569596
1.221458306,0.633593739,0.004956871
0.731319986,-0.498584899,-1.24335783
-1.490501855,0.155484825,0.97202459
0.34363219,0.229828856,-0.058019153
-0.12747972,-1.023883765,-2.385262172
1.056967241,1.751247775,-1.444344658
-0.643021973,-1.063496291,2.324009044
-2.10706783,-2.556946801,-0.496616819
-0.142618442,-0.436487089,-0.06986959
0.570342627,0.497863552,0.385374263
1.247428591,-1.088288465,0.031296966
0.183112922,-0.458596188,1.3985036
-0.911718617,0.720644307,0.79321345
-0.24990735,0.554244697,-1.433330361
0.868599243,0.092469286,-1.510613386
0.568745521,0.90207512,0.552104032
-0.026030649,-0.665418951,-0.452821215
-1.374319022,-0.099160934,0.666605375
-0.218867321,-1.408313847,0.556466465
1.503915691,1.620146905,0.943375893
-0.153087923,0.217704507,-0.558400009
1.775047562,-0.119069914,-0.181510332
1.507909888,-0.373352761,-2.338445673
-0.757250482,1.26815129,1.465793381
0.882135928,-0.635769175,-0.663641671
0.114371029,0.244937764,-0.626356822
-0.093415094,-0.214146375,-0.755216299
-0.473920121,-0.521123946,-1.098835833
0.858087381,-0.660506558,0.528523054
-1.223344224,-0.85589012,-0.667001859
-0.031708757,2.022545456,-0.346681277
-0.190374945,0.609328341,1.781355909
0.049971892,0.793793958,-0.517465877
0.699565916,-0.538265149,-2.203092229
-1.879177411,-1.606593355,1.29290193
2.393720039,0.857898273,-0.298985769
1.617904758,0.479030971,1.763807414
0.029246735,-1.410238096,0.320223007
0.377098833,1.07702811,-2.084649062
-0.163035736,0.771273037,-0.987297319
-1.56852096,-1.196140465,-0.748091749
0.943037612,0.599083372,-0.8605819
0.592202176,0.532470137,-0.169110289
-0.529400669,-1.513952658,0.544389926
-0.274736878,1.079990867,2.092139546
-0.523923974,0.877911066,1.640509916
0.737079895,-2.310316577,-1.439014602
-0.737845454,0.069627027,-2.553799142
1.539710866,-1.328076036,-0.160527107
-0.35285694,0.627436149,-0.384786366
1.286099098,1.298763469,-0.267832892
0.106347366,1.425343237,1.769961795
1.017072178,-0.872013147,0.973898793
-0.223376836,-0.175419608,-0.788262916
0.473636269,-0.404926382,-1.256709773
-1.21186644,-1.0176721,0.5857945
-0.77052623,-0.107406539,0.778615445
0.118927527,0.804690396,1.579344163
0.63859481,1.098230452,1.133983332
0.63039459,-0.791482378,0.581369938
-1.516545945,-1.92706588,-0.093625435
0.241507754,-1.025236674,0.85766434
0.674967127,0.647985507,-0.220797424
1.472945667,1.121274621,0.842982169
0.488390067,1.106918468,-0.905000504
0.248040407,-0.190926638,0.615795779
0.370307395,0.50441147,0.428231629
-0.016336886,-0.528111959,0.56558687
1.783329386,-0.050579247,-0.316011687
0.22741756,1.485556831,-1.681263619
-0.756250217,-0.35895643,0.409725557
-0.134191314,-0.006838512,0.171821846
-0.39135003,0.268086156,2.710445525
0.861791126,-0.805636411,1.692617015
-1.05783728,-1.092218315,0.391549311
-2.10988239,2.575311649,-1.248742973
0.535435293,1.717738931,1.108752248
-1.033719668,-0.141256393,2.174273094
1.474866702,-0.918249677,0.287894911
1.220176644,1.672174969,0.583982754
-0.5100741,0.014407724,-0.367743123
-0.171920168,0.299827096,-1.615932047
-0.344087153,1.740286983,1.24836509
-1.340081233,-0.100335668,-0.776396872
-0.03847822,0.041036377,-0.099759696
1.169038013,-1.542831831,0.894277695
0.293080753,0.625924296,-1.124855292
-2.295675025,-1.39092912,-1.230745338
-0.373556706,0.230574538,0.854446207
1.280746427,-0.018734053,-0.98684184
0.192863797,-0.142627869,0.72754226
0.328344735,0.506343785,0.425756366
-0.176382888,0.278337745,-0.235304213
-0.838629383,-0.143443103,0.299306214
0.86303586,-1.374022543,0.541613291
1.724831209,0.422573106,-0.42196473
-1.026885522,0.156987917,0.204762187
0.529753973,0.813570853,0.567847894
0.819226963,-1.333453831,0.292035829
0.690466065,0.400291314,-0.025026472
1.134500633,-0.04732448,-0.637945173
1.422197317,0.348058471,-0.070616093
-1.363776275,-0.095977075,-0.434707201
-0.375994232,-1.075213145,-0.864609801
0.149182434,0.300043858,1.775757476
-1.161556351,-0.44323639,0.552020881
0.491584198,-0.105584329,0.465120834
0.968013383,-0.34949979,-1.41546873
-1.183747851,-0.582406259,1.189968403
0.383963239,0.365090373,0.580543972
-0.457071426,-0.939031249,1.264159328
0.070770598,1.887978691,0.685668287
-0.305613316,1.206141874,0.325406271
1.294656266,2.000640524,-0.131002317
2.837244802,0.998379311,-0.521363715
0.340212691,0.144626155,0.389413547
-0.577952694,-0.925341001,-0.08807057
0.656288769,0.775287037,-1.092075911
1.014204629,0.429806111,-0.343002971
-0.03828271,1.281642353,0.359870698
0.932129479,0.846491449,0.831087732
1.189337821,0.232904985,-0.310111436
-1.198972932,0.116024669,0.022445426
-0.339147308,0.262029778,-0.361228198
0.395387026,-1.186962053,-0.198529261
-0.367973145,-1.019879137,-0.76091772
-0.996081371,-1.456587249,-0.261545748
-1.083549998,-0.010080179,0.235782357
0.773534439,-0.448224588,-0.625761269
0.477267128,-0.818142083,-1.039141206
1.096663114,1.867447421,0.305162232
-0.931687318,-0.804117244,1.042151339
-0.733561718,-0.53210237,0.209392916
0.860960879,-0.566445391,-0.987702852
-0.450575252,-0.142254412,1.437664805
0.371043644,-1.606703722,-0.374922659
-0.309608016,-2.264089169,0.977264703
-0.821183718,0.602020243,1.894532516
-0.327362813,1.354284766,0.654520167
-0.788174649,-0.986919724,-0.872088594
-0.439608313,-1.660560433,-0.78574695
0.640993273,-1.599792517,-1.771175389
0.975104294,-0.440712885,-1.143286496
1.606193,0.427956007,1.225057241
-0.512603608,1.207564764,-1.489549106
-0.01687591,0.87913177,-0.12888296
-0.202339736,1.037224043,-0.443122652
0.358829963,-0.042686541,-0.011556477
0.618206512,-0.453006141,-1.432312491
-0.190555532,1.003689283,1.169907323
0.956239613,-0.353493519,-0.088196539
1.432830761,-0.323324708,-0.181557958
0.129829026,0.684160922,-0.384969392
0.536008195,0.983363632,0.636708266
0.755805403,-1.015299178,0.65412427
0.776575384,-1.211999556,-0.831175896
-1.166756491,-0.946853823,1.030260354
1.859348266,2.062314379,-0.630145479
1.267329101,-0.489457358,-0.333464199
0.825349019,0.338697254,0.572831491
-0.981495713,1.052890448,1.028766983
-0.261086618,-0.045270871,1.601387425
0.179609426,0.416464001,-1.523832267
0.780094504,-0.666364835,0.419218162
0.512577329,-1.764674125,-0.771001421
-0.797838853,0.62538173,-1.100699914
-0.491750856,1.696771773,1.958631457
1.825908475,0.697061203,0.229391808
0.373164774,0.428880208,0.17232589
-1.002657974,-1.214634622,1.000189743
-0.425204063,-0.702876008,0.062771908
-0.750426451,1.573690842,2.239202369
0.415404722,-0.086966178,0.365938969
0.284157424,-1.639403946,0.617068518
0.92152323,-1.844878828,0.994274575
0.203998831,0.26161504,2.008434686
-0.171568436,0.762975097,0.894520951
1.626814356,-0.06198998,0.056284746
-0.444592938,0.259700015,-0.28847283
-0.812210797,0.796110968,0.090116482
-0.654652035,0.32322597,-1.063432189
-0.610254953,0.192379347,-1.753305123
1.30736916,-0.669917373,0.502098333
1.95901449,-0.989191126,0.153277839
-0.95796172,0.966661955,0.733426021
-0.370545441,1.375269359,-1.14591634
-1.228927973,0.000794838,0.673152092
0.573824794,0.442498939,-0.267370089
2.323094197,-0.746036119,1.247950502
-1.045391522,0.445158631,0.419056251
-0.729847334,-1.154854779,0.025416098
-0.553095042,-0.714019035,-0.817299405
-0.336323917,0.298439711,-0.311735731
-1.386245936,-1.664430523,-0.756706988
-0.832166605,-0.356869865,0.426826834
-0.861442402,1.00410108,0.579878352
-0.632915687,1.483474425,-0.663607244
1.661248334,-0.868475629,-0.75885251
0.138855064,-0.626863525,-0.550587074
-0.343138305,-1.039019865,0.217541614
-1.819235404,1.08651696,-1.25623628
-0.765513954,-0.387416926,0.157034606
-0.49936184,0.808908085,-1.275611461
-0.163496016,-0.238333441,0.059611254
-1.294502937,-0.333912296,0.141705807
-2.330413519,-0.709053948,-0.446191429
-0.416294557,1.190717138,-0.36149689
-1.296539582,0.83301153,-0.197863234
-0.512571524,-0.526206799,2.122055425
-0.017089512,0.142740307,-1.227230673
0.633531307,1.030718276,0.312589416
0.709000691,-0.60378576,1.135673137
-1.21338592,1.181587577,-1.425303364
-1.912486169,1.263890495,-0.625616104
1.040342172,-0.011261402,0.615400285
-0.480327017,-0.213034256,-1.229783345
0.079916708,0.263569697,-2.088284731
-0.124252608,-0.393337137,0.749784279
0.523336931,1.112698749,-1.42054321
-1.29626169,1.238914106,0.27305118
1.702135194,0.528180029,0.133294758
-0.115596142,-0.035561919,0.665509639
1.732845882,1.401712668,-0.265212511
0.44684643,1.149695764,2.07281225
-1.155119353,1.451916599,1.215566917
-0.75432074,-1.058820682,-0.771925338
0.407083748,1.466930005,-0.723199829
0.563784898,-0.312070056,-0.328721332
0.992778154,0.12501377,-0.317974258
-0.52165877,-0.68833556,1.618498507
-0.990165088,-0.426853396,0.116263506
0.546894735,-0.869468935,0.441244178
-0.834937465,1.277883376,-0.992175246
0.117459432,-1.168324895,1.236307432
-1.355679974,-1.156311181,1.221028859
-0.389578351,0.423022003,-0.724451452
-1.31615416,0.655774205,0.034948581
1.333423201,1.144423586,-1.013211354
0.245773977,0.701704565,0.744629026
-1.112306303,1.535825312,0.893409479
1.013768142,-0.978172918,-0.987797777
0.845064138,-0.468087403,-1.488345375
-0.687519114,0.565328591,0.819973223
1.725587604,-0.315189382,-0.401857432
-0.307317087,1.310293922,-0.505743145
0.436641556,-0.483958106,1.754107638
-0.848132951,-0.316548254,-0.404234599
-1.395959551,2.465639646,0.240006904
-0.247158046,0.151798159,0.972823715
-1.441877273,-0.564287509,0.377022768
-0.523350894,0.02284092,0.27006761
0.009845026,0.291588231,1.162977561
0.061565808,0.859683651,-0.704529496
0.276861893,-0.509571857,1.71282021
0.949280946,-1.582323283,0.06544295
1.093107762,-0.493325971,0.625753166
1.340254711,0.838181144,-1.144426165
1.144128025,-0.133466598,0.274226696
-0.626634571,-0.882314768,-1.613521959
0.663805343,0.66961847,-0.470639137
-1.714075754,0.502423094,0.538566903
-0.618613442,-0.002544356,0.023065102
-1.698209106,0.389644691,-0.301369331
0.187977813,0.604909034,-1.366011212
1.483421838,0.68861321,2.072927705
1.467087666,0.382240161,-1.585856551
-0.563323191,1.04276238,1.532918013
1.227029402,-1.541563901,0.271251476
1.53183043,0.608232204,0.252415449
-0.654522553,0.500158466,0.6079846
0.468608991,0.338762268,0.979653657
0.955589208,0.887026782,0.181333149
-0.796725499,0.428661069,-0.383813879
0.789805855,1.974724612,0.113130798
0.204135498,-0.257306972,-0.457548384
0.678032429,1.27863832,-2.408053141
0.530414038,-1.120219442,0.062189235
1.349320914,-1.632054051,0.594568221
0.031621937,-1.373306783,0.819746345
1.216735095,-1.136075052,1.958373015
0.683436894,-0.309013084,-1.396008986
-0.544261052,1.123803862,0.7711507
-0.124748104,-1.225572636,0.854357633
0.957626811,0.186076423,-1.114232833
-0.562772986,0.852335972,1.244530604
0.779992692,-0.544195228,0.298330843
-0.492700632,0.077319893,-1.129741293
-0.886082349,-1.054611649,-1.391477808
-1.077685804,1.434590921,1.790235038
-0.851875879,1.258232334,-1.2891587
-0.38175578,-0.531419812,1.892256717
-0.224488842,0.749020991,-0.569574045
0.297498078,1.714838753,0.733676156
-0.809833282,-0.682334629,-0.074689089
1.800519792,0.321520843,1.008150951
-0.844051587,0.077155913,-0.128749174
0.361415241,-0.625148795,0.418813031
-0.839696419,-0.701689675,0.30365751
-1.333492935,-0.745643571,-1.529742433
-0.51386196,-1.330065454,0.98807635
-1.08654467,-0.037233961,1.080515867
-0.467557715,0.715780722,-0.598963675
-0.253101504,0.490315509,-0.957907351
1.241704749,-0.243812899,-0.771013069
1.145089996,-0.634803098,0.649176044
-0.21776973,-1.204467002,-0.560188927
0.46275372,1.463930447,-0.566080844
0.025004012,0.014244617,0.3243206
-0.500848466,-0.943922184,0.545841189
-0.241893656,-1.386374824,-0.590495341
0.691101817,-1.113079886,1.182808814
0.026858942,0.322036539,1.206751199
-1.333741285,-1.449995888,1.786640546
2.195827028,-1.151017653,-1.772462784
0.449221587,1.988769558,0.572702891
-0.395482435,0.132991482,0.835394437
-0.667681174,1.374586132,-0.516571949
0.332744747,0.365789085,0.363720184
0.699301018,-0.105253088,-0.955975722
-0.163472952,1.109623628,0.675217487
0.462225733,0.648186039,0.060037896
1.198158114,0.962379865,-0.415555492
0.139087748,0.648865251,1.886918518
1.002006147,0.573363609,-1.663983163
-0.274739778,0.605552518,-1.736582672
-0.073784244,0.704537176,0.740166475
0.764561729,1.548817034,0.099368417
0.311304229,0.934109149,0.026672101
-1.885025295,-1.600846761,0.447538605
1.38740062,0.808705073,0.084699075
-0.079281816,-1.478354193,-1.103262798
-0.191665716,0.48784095,-0.699097255
-0.957292719,-2.034314644,-0.942120149
1.341505869,0.58476997,1.200501807
-1.407634145,0.406168422,-0.348626823
-0.716983003,1.155873126,-0.306911975
0.570252138,-0.359283868,-1.057152349
-0.201883836,0.732021534,-0.19403766
-0.062147948,0.54873327,-0.150862471
0.260527962,0.587299972,-0.810019614
2.246905272,0.517830371,0.210401196
-0.651344379,0.974705966,0.429543692
-1.726046505,-1.412375849,-0.64137104
0.027265999,-1.967593892,0.217237641
-1.288187651,-0.203145684,0.823811444
-1.85180299,-1.624412929,-1.571888085
0.639876124,-0.01919054,-0.033631362
1.854450283,0.239767945,1.568285247
0.478722947,-0.84491908,0.679092949
0.105906812,-0.938765071,1.870802974
0.725268211,-0.982422028,0.382149928
-0.43221014,0.065360236,1.124039948
0.700313808,1.18464026,-2.093729129
-0.186334353,-0.807134493,1.4695669
-0.122172923,-1.282982779,1.487703452
-0.43264716,0.55428657,0.493192076
-1.563928033,0.894605544,0.775146513
-2.901507266,-0.399379858,0.225471078
-0.71974462,-0.056266288,0.250384222
0.602466337,0.623297997,-0.101470286
0.518689953,1.481901013,0.796151344
-0.286076279,-1.29147873,0.618847728
1.07089559,-2.59608702,2.070288295
-1.176387081,-0.458730925,2.014041415
-1.504797028,-1.778031757,-0.301988352
1.712950936,0.953841142,0.899654845
-0.051324015,-0.19271824,1.806951549
-0.716974857,1.534537408,-1.397743347
-0.366729036,-0.439960324,-2.347676933
-1.892504382,-1.450834941,-0.336136685
-1.785962001,1.295075806,0.516167101
-0.231361753,0.078415909,0.705058153
0.712475775,-0.191815406,0.277654134
-1.709516513,1.106865461,-0.872789432
1.607446,0.063909214,1.032980571
-0.103553357,-0.657949708,-1.579345054
-0.639182986,1.184136074,-1.157912364
0.921689498,0.853051718,0.76926918
-0.454744248,-0.243329251,0.706528792
0.252746001,0.325449732,1.054646057
-0.106656128,-0.322035916,-1.44460097
0.095279255,0.254083954,-0.161204682
1.451327509,-1.048468498,-0.069743672
-0.473664924,-0.982337795,2.153580258
0.339030186,-1.174209076,-0.81411147
1.602754716,-0.634910886,-1.629723405
1.230907414,-1.405875888,-2.457617817
0.606288154,0.388360061,0.440224832
-0.981300757,-1.096232058,-0.358509239
0.498706531,0.333450923,1.718711413
1.963995055,0.334043914,1.384252959
-1.694172058,0.325611625,-0.190304585
-2.18059174,1.423388908,-2.95853333
-1.156357281,-1.174194995,0.139520016
0.276995966,-2.393629386,0.801883438
0.502482587,0.015090082,-0.792590962
-0.052757225,0.047301602,1.069576439
1.095500631,0.934421346,0.097279532
0.431027871,-0.337732122,-0.267916395
-1.266786263,-0.577325874,0.294383851
-0.390892505,0.164140813,0.37934641
-1.831920898,-0.176894872,-0.980927442
-0.109383696,-0.112291392,-0.69255941
-0.521738736,0.57135448,0.978427358
-0.583978122,0.931846819,-0.454107402
-0.043119987,1.945989446,0.011525757
0.434228012,0.182215955,-0.567397204
-1.143890022,-1.5273951,1.948752835
1.241842497,1.145371607,0.822958484
-1.343328763,1.5728037,1.157093841
0.105182656,-0.16823827,-0.010295815
-0.909747199,-1.769219335,0.678902911
-0.692863176,-0.174056137,1.334437563
-1.376966747,0.214388702,1.171925524
0.189812148,1.757893984,1.33493022
-0.051005067,-0.003367468,-1.393104131
0.643581058,-1.268941249,0.303246872
1.250243252,0.783093002,0.061024561
-0.526641207,0.013235699,0.18427981
0.347510941,-1.336331566,-0.837810358
-0.178416231,-0.724669281,0.889539611
0.494019976,-1.245587258,-0.972284715
0.072222005,-0.306542532,0.951353726
1.606146936,0.431095897,-0.137304472
-0.641108337,0.380093359,0.296563069
-0.770089612,-0.099079964,-1.030903492
0.285542452,-0.482729462,-0.652382475
0.281971921,1.073533454,-1.463127174
0.731233344,-0.214181569,-1.600425597
-0.97200045,0.421508654,-0.275303114
-0.828660169,0.934320779,1.013500944
0.973416982,1.426901991,-0.531994238
-0.861180474,-2.678156498,1.157980633
-0.29703111,-0.645686367,1.44626939
-0.814281898,1.74558934,0.546780542
-2.022288607,0.319456218,0.098279777
-2.201445591,-0.434656264,-1.007616635
0.657132153,-0.120805067,0.391670573
-1.798046179,0.204231467,1.225566615
-0.037688765,-0.302868451,-0.909907677
1.608570987,0.48259867,-1.154442629
-0.184860816,-0.295700139,0.950213438
2.15387964,-1.761382104,0.700644789
-0.158424431,1.437538784,0.931982411
0.622423601,1.09858307,1.875416956
-0.446038302,0.052353434,-0.474224924
-0.255987098,0.629379509,0.997871375
0.769507103,-0.129392235,1.535135474
-0.875197571,1.675666387,0.851582371
0.276692925,-0.262222674,-1.410699089
0.925201624,1.14694448,0.979599764
0.630568508,-0.113118104,1.202642059
0.616249575,1.420282875,-0.516618776
0.41976178,-1.55936169,1.42228334
-0.756327426,-1.486776741,1.337121373
1.081031595,0.091365311,0.466461128
0.801037066,0.998932324,1.757976344
0.158482469,1.742108539,-1.630511583
-1.175344317,-0.226410139,0.080113075
-2.142986485,-1.745765465,0.651209254
1.422109899,0.582257095,-0.873564613
0.66440121,-0.862684405,-0.807011319
1.150551707,0.835227687,0.186329455
2.309442383,0.029261767,0.332799581
0.334048114,-1.049632927,-0.011945505
-0.124760275,0.295254141,-0.47829161
0.227970131,-1.253289038,-1.003055512
0.237664567,-0.888474558,0.499681239
0.761721546,-0.161865451,-0.595841071
-1.248310398,1.160928914,-0.419503903
-1.613000876,-0.380546764,-0.004865548
1.284389406,0.371114518,0.837727524
-1.416134143,-0.252316026,-1.393272246
1.175942293,1.57501626,0.619571346
1.123935842,-1.069132572,1.269835436
-2.426183611,0.269137546,0.023917797
2.064757173,0.428426911,0.865781545
0.974632335,0.066944987,1.015028874
1.681204631,1.30174519,-0.32804742
2.45985813,-0.293793431,2.328517319
-0.08775963,1.059708683,-0.43055671
-1.107533266,-0.378668807,-1.31263845
1.184570602,-0.982694748,0.303761766
0.679404216,-0.712406468,-0.95238661
-0.503508566,-0.379784506,-0.616439527
1.478403459,0.630313132,-0.177210903
-0.537049244,0.55943029,-1.381294004
-0.024710739,1.13417599,-0.628586417
-0.498018418,0.049544808,1.731041672
-0.474262616,1.733316691,-1.452828007
-0.74011054,0.33492169,0.400647793
-0.71439963,0.25707771,0.440243349
-2.363650678,-1.361672066,0.615161184
0.787564905,1.344970707,0.111270456
1.315075708,-0.481794848,-0.788431106
-0.944784854,-0.777247867,0.33037543
-0.492682431,0.112561392,0.409109267
-0.234403796,0.090571085,0.062930866
-1.706163599,-0.969866681,0.459387016
-1.883970221,0.572752109,-1.230152746
-1.92927669,0.107757234,-0.92873095
0.837398861,0.531102349,0.452403476
0.127153052,1.164474875,0.746806721
-1.611949172,0.913217129,-1.351262951
1.654907309,-0.486734293,0.089076264
0.759959711,-1.235048671,-0.240980358
0.535006324,-0.133451239,1.133651885
0.347000873,-0.673166835,-1.830720486
-0.867387717,-1.129975757,0.525542239
0.812498152,2.708815168,-0.293657952
-1.276387718,-1.284137484,-0.689364417
-0.139295827,0.400158809,0.340517742
1.22586393,-0.1923973,1.855041212
-0.054716767,-0.519204383,2.273056024
0.487878698,-1.021652949,-0.508683295
2.390550999,0.207738422,-0.317253196
-2.124141966,-1.403561458,-0.054942289
0.070040514,0.786323093,-0.428061561
0.673455177,-0.950851139,-0.811273579
1.137501724,0.986789689,-0.342999895
2.321533695,-1.216136581,-1.646194493
-1.36694199,-0.159596944,-0.158023783
-1.181577169,1.208902128,0.05589216
-1.021309323,-0.181102642,-1.252892042
-1.428386066,0.158692102,3.067520046
0.138377769,0.603184554,1.116019162
0.748609236,-1.35834926,-0.813180726
-1.961627077,-1.199483063,-0.848585135
-0.988763391,1.125037527,1.387835686
-0.431543481,0.492176508,-0.398851717
0.665923365,-0.623463613,-0.368656232
