"","Date","Ticker","ShortName","Tier","DocClause","Spread1y","Spread2y","Spread3y","Spread4y","Spread5y","AvRating"
"241",15824,"BMY","Bristol Myers Squibb Co","SNRFOR","XR",0.000594697695381109,0.00105214279006751,0.00156374781647605,0.00211259938350396,0.00286849242618736,"A"
"249",15825,"BMY","Bristol Myers Squibb Co","SNRFOR","XR",0.000593735920511638,0.00100549692356962,0.00156871792168182,0.0021333669864901,0.00289159558286092,"A"
"5",15826,"BMY","Bristol Myers Squibb Co","SNRFOR","XR",0.00067733642310875,0.00103280218347721,0.00156107852571259,0.00214233161022665,0.00284907242785513,"A"
"13",15827,"BMY","Bristol Myers Squibb Co","SNRFOR","XR",0.000712791725379542,0.00106015520086777,0.00158762151344826,0.00216037972875658,0.00286903420611622,"A"
"23",15828,"BMY","Bristol Myers Squibb Co","SNRFOR","XR",0.000511788821943035,0.000970731957587998,0.00150269432590023,0.00204516493191407,0.00269123149812118,"A"
"49",15831,"BMY","Bristol Myers Squibb Co","SNRFOR","XR",0.000527447084680087,0.00097893481766468,0.00152404094532049,0.0020806568681643,0.00269141530253989,"A"
"58",15832,"BMY","Bristol Myers Squibb Co","SNRFOR","XR",0.000488793046789548,0.000956987353867256,0.00144247747157014,0.00204003930326836,0.00264892849010169,"A"
"65",15833,"BMY","Bristol Myers Squibb Co","SNRFOR","XR",0.000513815360352309,0.000906975917078823,0.00140132725116219,0.00196746211838498,0.00257931034492968,"A"
"73",15834,"BMY","Bristol Myers Squibb Co","SNRFOR","XR",0.000381735741927896,0.000862638990577598,0.00135647152267743,0.00195803238083112,0.00257533282623485,"A"
"83",15835,"BMY","Bristol Myers Squibb Co","SNRFOR","XR",0.000421502427869953,0.000836666774119191,0.0013373005820521,0.00192064787009184,0.00254875107633765,"A"
"109",15838,"BMY","Bristol Myers Squibb Co","SNRFOR","XR",0.000445120918525962,0.000894206612916462,0.00136218353346569,0.00192703183782469,0.00256906298839979,"A"
"118",15839,"BMY","Bristol Myers Squibb Co","SNRFOR","XR",0.000540718137954824,0.000945096167273645,0.00140032752746311,0.0019670185755064,0.0026341199599363,"A"
"125",15840,"BMY","Bristol Myers Squibb Co","SNRFOR","XR",0.000536026976475093,0.000941837490149251,0.00140384900234215,0.00193942541312162,0.00259969664844433,"A"
"133",15841,"BMY","Bristol Myers Squibb Co","SNRFOR","XR",0.000586349438462066,0.000940581426287858,0.00140568361603905,0.00194203434335335,0.00260542311590447,"A"
"143",15842,"BMY","Bristol Myers Squibb Co","SNRFOR","XR",0.000595399082484621,0.000939765453220296,0.00140696288503278,0.00194711713254132,0.00259984682526776,"A"
"169",15845,"BMY","Bristol Myers Squibb Co","SNRFOR","XR",0.000588263667138189,0.000954964768804093,0.00142698759048411,0.0020152419447615,0.00267775606202554,"A"
"178",15846,"BMY","Bristol Myers Squibb Co","SNRFOR","XR",0.000619460433728102,0.000952466481836665,0.00141271301416272,0.00196326284749393,0.00263067401036502,"A"
"185",15847,"BMY","Bristol Myers Squibb Co","SNRFOR","XR",0.000551151765491572,0.000914631519321634,0.00139448205268132,0.00195750201918183,0.00260517150858933,"A"
"193",15848,"BMY","Bristol Myers Squibb Co","SNRFOR","XR",0.000567640228082064,0.00101174578763771,0.00141248899265513,0.00200324982973214,0.0026353820060905,"A"
"203",15849,"BMY","Bristol Myers Squibb Co","SNRFOR","XR",0.000600288654980542,0.000988182594688889,0.00142081057845048,0.00201178761345189,0.00260824851419338,"A"
"229",15852,"BMY","Bristol Myers Squibb Co","SNRFOR","XR",0.000600288845862135,0.000988182700254155,0.00142081062007333,0.00201178769767737,0.00260824859324078,"A"
"238",15853,"BMY","Bristol Myers Squibb Co","SNRFOR","XR",0.000552197128387397,0.000986392780433719,0.00143143906335595,0.00202984566473815,0.00263040060603397,"A"
"246",15854,"BMY","Bristol Myers Squibb Co","SNRFOR","XR",0.000511292710064741,0.00090328925270683,0.00142360174621944,0.00200433143254388,0.00263649981869729,"A"
"255",15855,"BMY","Bristol Myers Squibb Co","SNRFOR","XR",0.000516845113307114,0.000882247880394149,0.00139666303454858,0.00195280355563985,0.00260179911827606,"A"
"262",15856,"BMY","Bristol Myers Squibb Co","SNRFOR","XR",0.000627586235896319,0.000934709055939581,0.00140796685430298,0.00193997075585906,0.00259148057874671,"A"
"21",15859,"BMY","Bristol Myers Squibb Co","SNRFOR","XR",0.000659333902872277,0.000994103868391944,0.00142120984801247,0.00194849227730334,0.00262082982195576,"A"
"30",15860,"BMY","Bristol Myers Squibb Co","SNRFOR","XR",0.000621839017084099,0.000951500442980713,0.00145194599558981,0.00199517490155107,0.00270566635153165,"A"
"39",15861,"BMY","Bristol Myers Squibb Co","SNRFOR","XR",0.00059399702937385,0.000961942784019792,0.0014557906554411,0.00200908487637386,0.00271002773582504,"A"
"47",15862,"BMY","Bristol Myers Squibb Co","SNRFOR","XR",0.000618396385123837,0.000976981876732328,0.00146696541303421,0.00204615177891968,0.00274894387153252,"A"
"56",15863,"BMY","Bristol Myers Squibb Co","SNRFOR","XR",0.000546790905250006,0.000961091992320191,0.0014811924176976,0.00204186121029189,0.00266132198376574,"A"
"81",15866,"BMY","Bristol Myers Squibb Co","SNRFOR","XR",0.000479307041724474,0.000902439195112562,0.00141898515544573,0.00197807738800498,0.00257518694868254,"A"
"90",15867,"BMY","Bristol Myers Squibb Co","SNRFOR","XR",0.000545456493372575,0.000885340906587988,0.00133520381831314,0.00193582550535143,0.00257987813012343,"A"
"99",15868,"BMY","Bristol Myers Squibb Co","SNRFOR","XR",0.000593873645187676,0.000937434635397865,0.00139158552838813,0.00194972148117652,0.00264176129648186,"A"
"107",15869,"BMY","Bristol Myers Squibb Co","SNRFOR","XR",0.000574782317730916,0.000969261438436682,0.00144495640751125,0.00201376677688803,0.00270217203582843,"A"
"116",15870,"BMY","Bristol Myers Squibb Co","SNRFOR","XR",0.000550004737268124,0.000952997594195457,0.00141753799377984,0.0019734854279122,0.00264343612875222,"A"
"141",15873,"BMY","Bristol Myers Squibb Co","SNRFOR","XR",0.000540939330385299,0.000933327430309783,0.00146238605500324,0.00203509523034679,0.00262291815422455,"A"
"150",15874,"BMY","Bristol Myers Squibb Co","SNRFOR","XR",0.000512103459136183,0.000928138499705305,0.00143604804314258,0.00202538879524124,0.00263003080445489,"A"
"159",15875,"BMY","Bristol Myers Squibb Co","SNRFOR","XR",0.000498329831554161,0.000894027785938134,0.0014020538246202,0.00201186546138725,0.00268931394091765,"A"
"167",15876,"BMY","Bristol Myers Squibb Co","SNRFOR","XR",0.000732156888082259,0.00118585146087791,0.0017572716327488,0.00235289893144262,0.00305235592603178,"A"
"176",15877,"BMY","Bristol Myers Squibb Co","SNRFOR","XR",0.000698074702905277,0.00117982373636619,0.00173971491563709,0.00238964635072014,0.00315341335104726,"A"
"201",15880,"BMY","Bristol Myers Squibb Co","SNRFOR","XR",0.000907648986970948,0.00135552560935278,0.00193486159243571,0.00262097547228427,0.00339414213749451,"A"
"210",15881,"BMY","Bristol Myers Squibb Co","SNRFOR","XR",0.000715498866367328,0.0012920263612846,0.00185599347172524,0.00253874201082211,0.0032526839702045,"A"
"219",15882,"BMY","Bristol Myers Squibb Co","SNRFOR","XR",0.000720685082006672,0.00126859796802532,0.00183027650412407,0.00251264083456602,0.00323774084740009,"A"
"227",15883,"BMY","Bristol Myers Squibb Co","SNRFOR","XR",0.000713963762327673,0.00120542949142168,0.00175345032829441,0.00240479891371079,0.00315709941690125,"A"
"236",15884,"BMY","Bristol Myers Squibb Co","SNRFOR","XR",0.000668995612298641,0.00118856479683246,0.00173071328172252,0.00239554370205034,0.003149699509168,"A"
"4",15887,"BMY","Bristol Myers Squibb Co","SNRFOR","XR",0.000721715297160237,0.001179841669374,0.00172244154649818,0.00237557539762866,0.00315342693475281,"A"
"12",15888,"BMY","Bristol Myers Squibb Co","SNRFOR","XR",0.00071911409922949,0.00119465956437231,0.00171321314493672,0.00238389019161732,0.00316620879473845,"A"
"20",15889,"BMY","Bristol Myers Squibb Co","SNRFOR","XR",0.000718576582499306,0.00118065831502049,0.00171203491759734,0.00236892806939888,0.00315211449759718,"A"
"29",15890,"BMY","Bristol Myers Squibb Co","SNRFOR","XR",0.000718576539585747,0.00118065827840286,0.00171203488883577,0.00236892803681116,0.00315211448077815,"A"
"38",15891,"BMY","Bristol Myers Squibb Co","SNRFOR","XR",0.000766003770420816,0.00120020070688022,0.00171434197592654,0.00235414091594667,0.00313876020639483,"A"
"64",15894,"BMY","Bristol Myers Squibb Co","SNRFOR","XR",0.000765051957486333,0.0011838584201708,0.00172283180648464,0.0023583500603396,0.00313278307521445,"A"
"72",15895,"BMY","Bristol Myers Squibb Co","SNRFOR","XR",0.000602115715679545,0.00111090212957342,0.00164542524080756,0.00228760690675086,0.00299507222425387,"A"
"80",15896,"BMY","Bristol Myers Squibb Co","SNRFOR","XR",0.0006152585684704,0.00110834601670341,0.00163003143988032,0.00228494477101402,0.00301308822135055,"A"
"89",15897,"BMY","Bristol Myers Squibb Co","SNRFOR","XR",0.000546888270033576,0.0010083114978234,0.00152748559219949,0.00217559904366294,0.00288177496550517,"A"
"98",15898,"BMY","Bristol Myers Squibb Co","SNRFOR","XR",0.000552283145129094,0.00102022313010738,0.00153237810856245,0.00216335407957438,0.0028502459002412,"A"
"124",15901,"BMY","Bristol Myers Squibb Co","SNRFOR","XR",0.000499970254054177,0.00103362461572616,0.00153344782641672,0.00218202053968199,0.0028894215795662,"A"
"132",15902,"BMY","Bristol Myers Squibb Co","SNRFOR","XR",0.000537695143966304,0.00109933712675381,0.00159687074600275,0.00225681141248211,0.00297848192698426,"A"
"140",15903,"BMY","Bristol Myers Squibb Co","SNRFOR","XR",0.000674787031259552,0.00118077205486472,0.00171588947081842,0.00233481115136344,0.00299950281134144,"A"
"149",15904,"BMY","Bristol Myers Squibb Co","SNRFOR","XR",0.00063245837655789,0.00115768138949079,0.00164742037524438,0.00228434225790494,0.00297982280047425,"A"
"158",15905,"BMY","Bristol Myers Squibb Co","SNRFOR","XR",0.000732679976394289,0.00117037527953208,0.00164339558651469,0.0022883438317175,0.00299866224521569,"A"
"184",15908,"BMY","Bristol Myers Squibb Co","SNRFOR","XR",0.00050666136290279,0.00100217077890689,0.00151977615018194,0.00219334138165422,0.00286298829525161,"A"
"192",15909,"BMY","Bristol Myers Squibb Co","SNRFOR","XR",0.000506602094364277,0.00100238991848961,0.00152018913168406,0.00219372678056492,0.00286286843092237,"A"
"200",15910,"BMY","Bristol Myers Squibb Co","SNRFOR","XR",0.000655243800856801,0.00111881240416706,0.00161331281367792,0.00220096548264435,0.00290560544735459,"A"
"209",15911,"BMY","Bristol Myers Squibb Co","SNRFOR","XR",0.000653467733233364,0.00113882103818699,0.00163365553708315,0.00227840290022042,0.00300177528491853,"A"
"218",15912,"BMY","Bristol Myers Squibb Co","SNRFOR","XR",0.000767509710636732,0.00119790200498958,0.00165502060957212,0.00228106101353927,0.00302243977002583,"A"
"245",15915,"BMY","Bristol Myers Squibb Co","SNRFOR","XR",0.000636977766518935,0.00107511051479581,0.00156412464208331,0.00226659540061095,0.00293586980634479,"A"
"254",15916,"BMY","Bristol Myers Squibb Co","SNRFOR","XR",0.00070573422417094,0.00107177178731594,0.00155612258591714,0.00220994352799287,0.00288402493110444,"A"
"260",15917,"BMY","Bristol Myers Squibb Co","SNRFOR","XR",0.000702404399498991,0.00107332938550514,0.00156760844504343,0.00224310196222775,0.00290653352341307,"A"
"2",15918,"BMY","Bristol Myers Squibb Co","SNRFOR","XR",0.000780673484591753,0.00112448012204886,0.00159016472874478,0.00221823068993754,0.00287178522757799,"A"
"9",15919,"BMY","Bristol Myers Squibb Co","SNRFOR","XR",0.000614487358884829,0.00099912290964009,0.00146916706072266,0.0021379999979206,0.00282769837252867,"A"
"35",15922,"BMY","Bristol Myers Squibb Co","SNRFOR","XR",0.000664143519224213,0.0010601764813456,0.0015761530115387,0.00217349219128291,0.00286992916627962,"A"
"43",15923,"BMY","Bristol Myers Squibb Co","SNRFOR","XR",0.00055384448537462,0.00100515380634648,0.00155145001412252,0.00223629617940903,0.00292373809263774,"A"
"53",15924,"BMY","Bristol Myers Squibb Co","SNRFOR","XR",0.000504554399866024,0.000979336740889862,0.00148818156695443,0.0021897937463798,0.00289343893387336,"A"
"62",15925,"BMY","Bristol Myers Squibb Co","SNRFOR","XR",0.000740133187278601,0.00111496587129914,0.00154392440242517,0.00221092062160194,0.00288299495873938,"A"
"69",15926,"BMY","Bristol Myers Squibb Co","SNRFOR","XR",0.000713938276746358,0.00109089413921477,0.00150056978466482,0.00214058248375473,0.00288399882041529,"A"
"95",15929,"BMY","Bristol Myers Squibb Co","SNRFOR","XR",0.000588902984572731,0.00100874818069751,0.00151561218227952,0.00220165662237604,0.00289230497261461,"A"
"103",15930,"BMY","Bristol Myers Squibb Co","SNRFOR","XR",0.000594882537662506,0.00100840918719591,0.00149548121516341,0.00220129962987138,0.0028956066746609,"A"
"113",15931,"BMY","Bristol Myers Squibb Co","SNRFOR","XR",0.000590600286057132,0.0010016644036823,0.00148508484896636,0.00218670224338753,0.00287600066465969,"A"
"122",15932,"BMY","Bristol Myers Squibb Co","SNRFOR","XR",0.000584456040061225,0.00103961825129331,0.00153123249743794,0.00223421740971436,0.0029004667054236,"A"
"129",15933,"BMY","Bristol Myers Squibb Co","SNRFOR","XR",0.00068747009712609,0.0011697866461842,0.0016516121414512,0.00227474330206232,0.00299203485549568,"A"
"155",15936,"BMY","Bristol Myers Squibb Co","SNRFOR","XR",0.000597261965373552,0.00115649426334213,0.00172680277213548,0.00240032740835545,0.00312456867612958,"A"
"163",15937,"BMY","Bristol Myers Squibb Co","SNRFOR","XR",0.000594506792235851,0.00114608229013605,0.00170837057107476,0.00237253019647642,0.00310103565235438,"A"
"173",15938,"BMY","Bristol Myers Squibb Co","SNRFOR","XR",0.000560161709539934,0.00110681375210415,0.00167047634802085,0.00233962603556489,0.00307124393716138,"A"
"182",15939,"BMY","Bristol Myers Squibb Co","SNRFOR","XR",0.000549635282763624,0.00109405145235942,0.00162520056706475,0.00231190387365701,0.00306275138593476,"A"
"189",15940,"BMY","Bristol Myers Squibb Co","SNRFOR","XR",0.000542760614471177,0.00108680792436467,0.00161882517517878,0.00230693831389421,0.00305896639103999,"A"
"215",15943,"BMY","Bristol Myers Squibb Co","SNRFOR","XR",0.000535607805241539,0.00108043751824939,0.00159778185292619,0.0022880478612376,0.00304347820731957,"A"
"223",15944,"BMY","Bristol Myers Squibb Co","SNRFOR","XR",0.000678097798929223,0.00118163132178954,0.00168205102914431,0.00232628747243196,0.00307122008977031,"A"
"233",15945,"BMY","Bristol Myers Squibb Co","SNRFOR","XR",0.000693690316333574,0.00118647594556863,0.00167082310087844,0.00231080456774843,0.00306057103601683,"A"
"243",15946,"BMY","Bristol Myers Squibb Co","SNRFOR","XR",0.00073904773333059,0.00122175393484025,0.00169994468615127,0.00232813018902062,0.00307257680786016,"A"
"251",15947,"BMY","Bristol Myers Squibb Co","SNRFOR","XR",0.000835149595719479,0.00125475472953874,0.00166139723027628,0.0022812029317024,0.00304549760211603,"A"
"15",15950,"BMY","Bristol Myers Squibb Co","SNRFOR","XR",0.000806638160062923,0.00123937109405418,0.0016880522247431,0.00232451425594221,0.0030719417591831,"A"
"25",15951,"BMY","Bristol Myers Squibb Co","SNRFOR","XR",0.000784214357592715,0.00121461795355449,0.00166026731927387,0.00229341106194477,0.00303730747801959,"A"
"34",15952,"BMY","Bristol Myers Squibb Co","SNRFOR","XR",0.00078415720298955,0.001214332870434,0.00165961391543283,0.00229241989240646,0.00303600784680142,"A"
"42",15953,"BMY","Bristol Myers Squibb Co","SNRFOR","XR",0.000693073599981935,0.00115822228543289,0.00166738298101985,0.00232178321878914,0.00308600696583246,"A"
"51",15954,"BMY","Bristol Myers Squibb Co","SNRFOR","XR",0.000581507540139859,0.00109709726096655,0.00161633243456496,0.002299349609074,0.00305204863318307,"A"
"75",15957,"BMY","Bristol Myers Squibb Co","SNRFOR","XR",0.000549259507347543,0.0010586475398763,0.00159228010709804,0.00231528713606617,0.00298569957616566,"A"
"85",15958,"BMY","Bristol Myers Squibb Co","SNRFOR","XR",0.00055206775124335,0.0010539604862855,0.00156296376862404,0.00225785017112665,0.00288714230702954,"A"
"94",15959,"BMY","Bristol Myers Squibb Co","SNRFOR","XR",0.000465525735352488,0.000967745235091153,0.00147763325740255,0.00220060386958785,0.00285220751313037,"A"
"102",15960,"BMY","Bristol Myers Squibb Co","SNRFOR","XR",0.000441091323731012,0.000938704409276047,0.00143986151385222,0.0021531899075327,0.00279229968136604,"A"
"111",15961,"BMY","Bristol Myers Squibb Co","SNRFOR","XR",0.000369750031102751,0.000928362767526625,0.00140813666123658,0.00208270706255449,0.00278934993091491,"A"
"135",15964,"BMY","Bristol Myers Squibb Co","SNRFOR","XR",0.000511111929387614,0.000958615745632497,0.00143257303923754,0.00202517190151036,0.00272269794485765,"A"
"145",15965,"BMY","Bristol Myers Squibb Co","SNRFOR","XR",0.000415005981499412,0.000933151243270013,0.00140462846197224,0.0019989654532407,0.00267831569215616,"A"
"154",15966,"BMY","Bristol Myers Squibb Co","SNRFOR","XR",0.000313334522215635,0.000854165217142204,0.00137004028979418,0.00204801735809232,0.00266089518945548,"A"
"162",15967,"BMY","Bristol Myers Squibb Co","SNRFOR","XR",0.000245432651982062,0.000818362401529984,0.00127996920226134,0.00193576674468493,0.00255396488819355,"A"
"171",15968,"BMY","Bristol Myers Squibb Co","SNRFOR","XR",0.000280627131129328,0.000840314232199678,0.00132350233173122,0.0019779741901027,0.00260664892147394,"A"
"195",15971,"BMY","Bristol Myers Squibb Co","SNRFOR","XR",0.000349494306961089,0.000890730610605626,0.00140715658516474,0.0020069577279026,0.00263520489622949,"A"
"205",15972,"BMY","Bristol Myers Squibb Co","SNRFOR","XR",0.000333984258010474,0.00087012911984643,0.00135497792397209,0.00196732462571286,0.00262757458547316,"A"
"214",15973,"BMY","Bristol Myers Squibb Co","SNRFOR","XR",0.000316792621764497,0.000868229216641665,0.00135651260568026,0.00194704871371601,0.00259391129489509,"A"
"222",15974,"BMY","Bristol Myers Squibb Co","SNRFOR","XR",0.000302565736316311,0.000782543097415666,0.0012446879621422,0.00189372010368474,0.00249331191621625,"A"
"231",15975,"BMY","Bristol Myers Squibb Co","SNRFOR","XR",0.000324865308900105,0.000761239064057077,0.0012276905957183,0.00187603182456366,0.00247496279570479,"A"
"257",15978,"BMY","Bristol Myers Squibb Co","SNRFOR","XR",0.000295115915876318,0.000801314523735845,0.00129930340591102,0.00189607201676175,0.00253721585753953,"A"
"7",15979,"BMY","Bristol Myers Squibb Co","SNRFOR","XR",0.000323903146032287,0.000744439408054066,0.00123218053819342,0.00181426493077474,0.00241880331590933,"A"
"14",15980,"BMY","Bristol Myers Squibb Co","SNRFOR","XR",0.000320027880182854,0.000758202578606797,0.00124616344323885,0.00186142860583876,0.00246249103765935,"A"
"24",15981,"BMY","Bristol Myers Squibb Co","SNRFOR","XR",0.000340343817100382,0.000738826056978132,0.00125708044493453,0.00187906514017433,0.00246719977987338,"A"
"33",15982,"BMY","Bristol Myers Squibb Co","SNRFOR","XR",0.000319562343180528,0.000734207454547107,0.00123017365786634,0.00181559986798941,0.00244035056411836,"A"
"60",15985,"BMY","Bristol Myers Squibb Co","SNRFOR","XR",0.000370205111384643,0.00073902861116831,0.00120645345876084,0.00183991426268908,0.00243412048397506,"A"
"67",15986,"BMY","Bristol Myers Squibb Co","SNRFOR","XR",0.000339646934347107,0.00073787547963876,0.00125591484979125,0.0018678899401596,0.00246610533323104,"A"
"74",15987,"BMY","Bristol Myers Squibb Co","SNRFOR","XR",0.000342741918572835,0.000754003952232586,0.00125696790100594,0.00184883246581596,0.00247237879071065,"A"
"84",15988,"BMY","Bristol Myers Squibb Co","SNRFOR","XR",0.000362995363571795,0.000774146003497425,0.00127663166239421,0.0018578216381322,0.00249066283423886,"A"
"93",15989,"BMY","Bristol Myers Squibb Co","SNRFOR","XR",0.000278863545581161,0.000694458959325765,0.00120976522828376,0.00185225985589414,0.00245529221718033,"A"
"120",15992,"BMY","Bristol Myers Squibb Co","SNRFOR","XR",0.000260454682199571,0.000643969949974292,0.00117457777535024,0.00181393588295721,0.00241521203929494,"A"
"127",15993,"BMY","Bristol Myers Squibb Co","SNRFOR","XR",0.000308190440621551,0.000697491750978494,0.00120656927439058,0.00179819136525126,0.00243480834837873,"A"
"134",15994,"BMY","Bristol Myers Squibb Co","SNRFOR","XR",0.000379564298309368,0.000782218947597411,0.00124828590642247,0.00177085743079987,0.00235959725834444,"A"
"144",15995,"BMY","Bristol Myers Squibb Co","SNRFOR","XR",0.00037275480381577,0.000740135863062686,0.00120402170762702,0.00175216592352985,0.00232335522735525,"A"
"153",15996,"BMY","Bristol Myers Squibb Co","SNRFOR","XR",0.000345005034162745,0.000709425928651694,0.00112700275405263,0.00166060474425338,0.00222913539748267,"A"
"180",15999,"BMY","Bristol Myers Squibb Co","SNRFOR","XR",0.000331601775897437,0.000673569272573389,0.00109701874881275,0.00164471886058075,0.0022217330267026,"A"
"187",16000,"BMY","Bristol Myers Squibb Co","SNRFOR","XR",0.000303239842105208,0.000683209288321209,0.0010868607835716,0.00161839071077822,0.00219160640387034,"A"
"194",16001,"BMY","Bristol Myers Squibb Co","SNRFOR","XR",0.000274310948334809,0.000611907778100266,0.00104744711217775,0.00154419232147496,0.00213101608066896,"A"
"204",16002,"BMY","Bristol Myers Squibb Co","SNRFOR","XR",0.000272417548248936,0.000634162800112723,0.00105643326291838,0.00155383098493459,0.00214486494617004,"A"
"213",16003,"BMY","Bristol Myers Squibb Co","SNRFOR","XR",0.000288974897868785,0.000618964320890054,0.00103373433967176,0.00151375723869497,0.00209316698707343,"A"
"240",16006,"BMY","Bristol Myers Squibb Co","SNRFOR","XR",0.000279590681086516,0.00064541554589159,0.00105807728126892,0.00154236620639564,0.00211131841998617,"A"
"248",16007,"BMY","Bristol Myers Squibb Co","SNRFOR","XR",0.000385038001813353,0.000730581742860255,0.00113870941672996,0.00165397809631569,0.0021773751806774,"A"
"256",16008,"BMY","Bristol Myers Squibb Co","SNRFOR","XR",0.000321237821490056,0.00068892212973765,0.00113557965822498,0.00167737965109135,0.00221629882217142,"A"
"263",16009,"BMY","Bristol Myers Squibb Co","SNRFOR","XR",0.000371804214114447,0.000728266385448016,0.0011603969010981,0.00165218019429421,0.00224057217487384,"A"
"6",16010,"BMY","Bristol Myers Squibb Co","SNRFOR","XR",0.000376930547052637,0.000721308296468627,0.00114522822387016,0.00164843434859765,0.00221815236286803,"A"
"32",16013,"BMY","Bristol Myers Squibb Co","SNRFOR","XR",0.000384467377092767,0.000722921647127527,0.00113962465051754,0.00164896964688025,0.00222390223826068,"A"
"41",16014,"BMY","Bristol Myers Squibb Co","SNRFOR","XR",0.000365380723493743,0.000742322480600487,0.00117466447953475,0.00172425389610435,0.00230059977038338,"A"
"50",16015,"BMY","Bristol Myers Squibb Co","SNRFOR","XR",0.000378651269260446,0.000746225452619338,0.00119032860072322,0.00173049549328053,0.00232317602689345,"A"
"59",16016,"BMY","Bristol Myers Squibb Co","SNRFOR","XR",0.000333414963880863,0.000715004834415253,0.00111669752511494,0.00167692890184395,0.00223995521592937,"A"
"66",16017,"BMY","Bristol Myers Squibb Co","SNRFOR","XR",0.00034613601904165,0.000715129976952494,0.00111788694325807,0.00167302154752348,0.00225011193290499,"A"
"92",16020,"BMY","Bristol Myers Squibb Co","SNRFOR","XR",0.000336937131381881,0.000708930796795682,0.0011032834469336,0.0016622555631144,0.00223350438963352,"A"
"101",16021,"BMY","Bristol Myers Squibb Co","SNRFOR","XR",0.000333680032417581,0.00070507947630221,0.00109145507671206,0.00164712363557927,0.00221369435218155,"A"
"110",16022,"BMY","Bristol Myers Squibb Co","SNRFOR","XR",0.000333524126825052,0.000710918358010187,0.00109146939864024,0.00164731617955948,0.00221392229981662,"A"
"119",16023,"BMY","Bristol Myers Squibb Co","SNRFOR","XR",0.000316224878199514,0.000692762719269247,0.00107698372910721,0.00164140688975814,0.00217405329020566,"A"
"126",16024,"BMY","Bristol Myers Squibb Co","SNRFOR","XR",0.000366442444131476,0.000712953727560679,0.00107382080171927,0.00159763141612165,0.00215367700813092,"A"
"152",16027,"BMY","Bristol Myers Squibb Co","SNRFOR","XR",0.000362826704689866,0.000709186682908609,0.00107137121396342,0.00159711959309527,0.00214686645174129,"A"
"161",16028,"BMY","Bristol Myers Squibb Co","SNRFOR","XR",0.000370946225203232,0.00070913728205979,0.00106450770061267,0.001579257348962,0.0021302946139197,"A"
"170",16029,"BMY","Bristol Myers Squibb Co","SNRFOR","XR",0.000372706281627926,0.000712907532765479,0.00107067770744861,0.00158802749980238,0.00214183573362524,"A"
"179",16030,"BMY","Bristol Myers Squibb Co","SNRFOR","XR",0.000371795267529532,0.000708397500676563,0.00106338647782101,0.00157693457118202,0.00212762302526288,"A"
"186",16031,"BMY","Bristol Myers Squibb Co","SNRFOR","XR",0.000352638802534219,0.000672435537968298,0.00106679625282364,0.00157981739806949,0.00213491958667404,"A"
"212",16034,"BMY","Bristol Myers Squibb Co","SNRFOR","XR",0.000331167742093848,0.000607560558971131,0.00101627651108525,0.00154565847063227,0.00203995895477794,"A"
"221",16035,"BMY","Bristol Myers Squibb Co","SNRFOR","XR",0.000257790440337977,0.000649211744537032,0.00108875016828728,0.00158707790916485,0.00210555342976986,"A"
"230",16036,"BMY","Bristol Myers Squibb Co","SNRFOR","XR",0.000308292968865102,0.000634671685490906,0.00102181371408014,0.00155751697041721,0.00207843487996557,"A"
"239",16037,"BMY","Bristol Myers Squibb Co","SNRFOR","XR",0.000308233131674729,0.000634571792271156,0.00102174379008116,0.00155756702920874,0.00207866496177657,"A"
"247",16038,"BMY","Bristol Myers Squibb Co","SNRFOR","XR",0.000285649255572031,0.000615646034698988,0.00099095088787975,0.00149243513741047,0.00205338087388506,"A"
"10",16041,"BMY","Bristol Myers Squibb Co","SNRFOR","XR",0.000291789335078587,0.000595485459700402,0.00101741422038558,0.00153165178945011,0.00208468407515135,"A"
"17",16042,"BMY","Bristol Myers Squibb Co","SNRFOR","XR",0.000361805475495818,0.000635523693145534,0.000999920135890279,0.00151682511044656,0.00205627589777746,"A"
"27",16043,"BMY","Bristol Myers Squibb Co","SNRFOR","XR",0.000391265407738581,0.000715776358899943,0.00112065447035289,0.00167196833152211,0.00216897418842014,"A"
"36",16044,"BMY","Bristol Myers Squibb Co","SNRFOR","XR",0.000384721283998698,0.000688269001189896,0.00108746637282319,0.00160004994325632,0.00214177222680107,"A"
"44",16045,"BMY","Bristol Myers Squibb Co","SNRFOR","XR",0.000379484627723302,0.000679195877879364,0.00107354492615805,0.00158083890145613,0.0021164578904352,"A"
"70",16048,"BMY","Bristol Myers Squibb Co","SNRFOR","XR",0.000365824585412585,0.000718747798113373,0.00113392808748629,0.001580202872923,0.00203564114720397,"A"
"77",16049,"BMY","Bristol Myers Squibb Co","SNRFOR","XR",0.000372675287057525,0.000697416664750705,0.00110755273209145,0.00156519113005405,0.00204977510326072,"A"
"87",16050,"BMY","Bristol Myers Squibb Co","SNRFOR","XR",0.000372463388391697,0.000696419139455448,0.00110604430132809,0.00156209571317759,0.00204590502298703,"A"
"96",16051,"BMY","Bristol Myers Squibb Co","SNRFOR","XR",0.000349096434027559,0.000697271325532552,0.00111830620086848,0.00163786212548616,0.00210948308682261,"A"
"104",16052,"BMY","Bristol Myers Squibb Co","SNRFOR","XR",0.000372235965114325,0.0006964483522464,0.00110695903729758,0.00156450424777439,0.00204853075047914,"A"
"130",16055,"BMY","Bristol Myers Squibb Co","SNRFOR","XR",0.000309533278128399,0.000662244848143644,0.00107598204235488,0.00160833291177193,0.00209993897288943,"A"
"137",16056,"BMY","Bristol Myers Squibb Co","SNRFOR","XR",0.000289766268078718,0.00063648573090675,0.0010517266288295,0.00158140036705005,0.00207037257108396,"A"
"147",16057,"BMY","Bristol Myers Squibb Co","SNRFOR","XR",0.000313439158761332,0.000638645673245936,0.00103972654227345,0.00149762011579922,0.00198874665330812,"A"
"156",16058,"BMY","Bristol Myers Squibb Co","SNRFOR","XR",0.000312170718594782,0.00063476464160194,0.00103482283526814,0.00149068581036342,0.00198004997971163,"A"
"164",16059,"BMY","Bristol Myers Squibb Co","SNRFOR","XR",0.000337379180155026,0.000636746326209587,0.000990499458357891,0.00148515407909085,0.00197051810422149,"A"
"190",16062,"BMY","Bristol Myers Squibb Co","SNRFOR","XR",0.000317547332354253,0.000630963747564166,0.000968462909817344,0.00146323596378031,0.00192581100447714,"A"
"197",16063,"BMY","Bristol Myers Squibb Co","SNRFOR","XR",0.000317323421528618,0.000630809805211865,0.000968364956760658,0.00146304193026945,0.00192551284110325,"A"
"207",16064,"BMY","Bristol Myers Squibb Co","SNRFOR","XR",0.000317323473444851,0.000630909836934899,0.000968614976202799,0.00146347197199167,0.00192607287565489,"A"
"216",16065,"BMY","Bristol Myers Squibb Co","SNRFOR","XR",0.000276794080526568,0.000596105173486741,0.00094528603511652,0.00137591124064114,0.00186092254001203,"A"
"224",16066,"BMY","Bristol Myers Squibb Co","SNRFOR","XR",0.000299043867003572,0.000602485724584706,0.000975834321921586,0.00143441025882086,0.00191348774421962,"A"
"252",16069,"BMY","Bristol Myers Squibb Co","SNRFOR","XR",0.000280532064025698,0.000603230001186828,0.000956258209086555,0.00140026487022241,0.00187523970675187,"A"
"258",16070,"BMY","Bristol Myers Squibb Co","SNRFOR","XR",0.00027696320097708,0.000606846327093017,0.000954740459566617,0.0013966135220941,0.00187282680043548,"A"
"3",16071,"BMY","Bristol Myers Squibb Co","SNRFOR","XR",0.000276963251313302,0.000606846354895173,0.000954740478122425,0.00139661353860947,0.00187282681778229,"A"
"11",16072,"BMY","Bristol Myers Squibb Co","SNRFOR","XR",0.000293135153830076,0.000636033187665723,0.00105383656876476,0.00146756148507095,0.00190746081944353,"A"
"19",16073,"BMY","Bristol Myers Squibb Co","SNRFOR","XR",0.000293045055498972,0.000636050666964369,0.00105311491735262,0.0014676984685769,0.00190665847807343,"A"
"46",16076,"BMY","Bristol Myers Squibb Co","SNRFOR","XR",0.000268912211394856,0.000595820408536723,0.000975674802947584,0.00141276721368209,0.00188379652726119,"A"
"55",16077,"BMY","Bristol Myers Squibb Co","SNRFOR","XR",0.000273610377577978,0.000606214694998647,0.000981978751974051,0.00144151323838106,0.00189420646820672,"A"
"63",16078,"BMY","Bristol Myers Squibb Co","SNRFOR","XR",0.00029608578829711,0.000584066624949393,0.000975130932372827,0.00138270493623879,0.00184781377993432,"A"
"71",16079,"BMY","Bristol Myers Squibb Co","SNRFOR","XR",0.000299124977861923,0.000594878388415216,0.000987102766805551,0.00140077022319595,0.00187211443339349,"A"
"79",16080,"BMY","Bristol Myers Squibb Co","SNRFOR","XR",0.000298498928468484,0.000624356727840294,0.000991923831492182,0.00142815438080409,0.00190248045052092,"A"
"106",16083,"BMY","Bristol Myers Squibb Co","SNRFOR","XR",0.000307469187484391,0.000647099352088454,0.00105330481996952,0.00150661143596918,0.00200155625758108,"A"
"115",16084,"BMY","Bristol Myers Squibb Co","SNRFOR","XR",0.000305744884401752,0.000665737078053499,0.00109857628492073,0.00154986679135349,0.0020419764614916,"A"
"123",16085,"BMY","Bristol Myers Squibb Co","SNRFOR","XR",0.000305933273325942,0.000652467658989806,0.00106806929187698,0.0015421049148186,0.00205011608743835,"A"
"131",16086,"BMY","Bristol Myers Squibb Co","SNRFOR","XR",0.000317920258385616,0.000659485989783483,0.00107281251913359,0.00153718404866998,0.00204158247167673,"A"
"139",16087,"BMY","Bristol Myers Squibb Co","SNRFOR","XR",0.000349238561201515,0.000648649580500885,0.00108220441357644,0.00155470850059543,0.00207111822511891,"A"
"166",16090,"BMY","Bristol Myers Squibb Co","SNRFOR","XR",0.000353239394409607,0.000654201793000353,0.00109209277875908,0.00156877277089853,0.00209008618629503,"A"
"175",16091,"BMY","Bristol Myers Squibb Co","SNRFOR","XR",0.000350892338601264,0.000652103122013196,0.00104556020216964,0.00154130100546929,0.00206517038514993,"A"
"183",16092,"BMY","Bristol Myers Squibb Co","SNRFOR","XR",0.000331259133762172,0.000654059632651327,0.00102623113508308,0.0015645351779471,0.002067280839377,"A"
"191",16093,"BMY","Bristol Myers Squibb Co","SNRFOR","XR",0.000366297412217349,0.000676958478189811,0.00112356316777705,0.00164613394382224,0.00217568899342612,"A"
"199",16094,"BMY","Bristol Myers Squibb Co","SNRFOR","XR",0.000354869081022417,0.000753884375424322,0.00124044317129462,0.00174107410311342,0.00227472845617504,"A"
"226",16097,"BMY","Bristol Myers Squibb Co","SNRFOR","XR",0.000400006068229776,0.000777649625204678,0.00126123157585505,0.00180373977927479,0.00234286718618692,"A"
"235",16098,"BMY","Bristol Myers Squibb Co","SNRFOR","XR",0.000349862268869833,0.000769694900407061,0.00123124819030742,0.00178774434515222,0.00231993107803623,"A"
"244",16099,"BMY","Bristol Myers Squibb Co","SNRFOR","XR",0.000376346993959079,0.000754731035841976,0.0012455592017485,0.00179458033372625,0.00235095303484793,"A"
"253",16100,"BMY","Bristol Myers Squibb Co","SNRFOR","XR",0.000424839103512006,0.000800547217832233,0.00127681464967327,0.00182478207581118,0.00240241742023054,"A"
"259",16101,"BMY","Bristol Myers Squibb Co","SNRFOR","XR",0.000448215219410452,0.000883524142480664,0.00138484781131789,0.00192808229888512,0.00247218179473905,"A"
"18",16104,"BMY","Bristol Myers Squibb Co","SNRFOR","XR",0.00043372158381929,0.000924972946108191,0.00141557515111975,0.00196769992287648,0.00251468496690615,"A"
"28",16105,"BMY","Bristol Myers Squibb Co","SNRFOR","XR",0.000346857559249093,0.000859325823849185,0.00134735109094073,0.00196603659396795,0.00251568828500346,"A"
"37",16106,"BMY","Bristol Myers Squibb Co","SNRFOR","XR",0.000324764457229309,0.000863243984836834,0.00132778705860874,0.0019099951614187,0.00248741487484726,"A"
"45",16107,"BMY","Bristol Myers Squibb Co","SNRFOR","XR",0.000360095109401259,0.000878862062785785,0.00134632189080232,0.00191451394037653,0.00249653208375207,"A"
"54",16108,"BMY","Bristol Myers Squibb Co","SNRFOR","XR",0.000421711870431082,0.000821839514697204,0.00126646709637833,0.00188143424229103,0.0024701219590205,"A"
"78",16111,"BMY","Bristol Myers Squibb Co","SNRFOR","XR",0.000351975584248275,0.000805730892113722,0.0013312091120891,0.00190058575865062,0.00253897060977037,"A"
"88",16112,"BMY","Bristol Myers Squibb Co","SNRFOR","XR",0.000307849207949482,0.000776284770934809,0.00128328772821903,0.00183114324588884,0.00245460873567033,"A"
"97",16113,"BMY","Bristol Myers Squibb Co","SNRFOR","XR",0.000276272301632054,0.000810294534420657,0.00127614773273449,0.00182951425091418,0.00244706369202335,"A"
"105",16114,"BMY","Bristol Myers Squibb Co","SNRFOR","XR",0.000325319072070806,0.000787743924019278,0.00128011483771198,0.00187593940563464,0.00249050743428167,"A"
"114",16115,"BMY","Bristol Myers Squibb Co","SNRFOR","XR",0.000293094571014127,0.000770807865622695,0.00125003113012687,0.0018161971741714,0.00244902762801193,"A"
"138",16118,"BMY","Bristol Myers Squibb Co","SNRFOR","XR",0.000283095280097809,0.000770874065247977,0.00125031211085252,0.00180675222883885,0.00242970768258477,"A"
"148",16119,"BMY","Bristol Myers Squibb Co","SNRFOR","XR",0.000277853164385378,0.000794410042201499,0.00127039291289382,0.00186314474252769,0.00247753544582962,"A"
"157",16120,"BMY","Bristol Myers Squibb Co","SNRFOR","XR",0.000306833549741462,0.000774791080328025,0.00128888543403132,0.0018734617467384,0.00248818863124681,"A"
"165",16121,"BMY","Bristol Myers Squibb Co","SNRFOR","XR",0.000270680128616237,0.000790741466765914,0.00127128937199867,0.00186235343534086,0.00247793724265234,"A"
"174",16122,"BMY","Bristol Myers Squibb Co","SNRFOR","XR",0.000343760265297428,0.000783922245366333,0.00128961546549976,0.00189821074654267,0.00252449603844029,"A"
"198",16125,"BMY","Bristol Myers Squibb Co","SNRFOR","XR",0.000306300787822514,0.000762404197716289,0.0012416615549127,0.00183833666944885,0.00246199319914159,"A"
"208",16126,"BMY","Bristol Myers Squibb Co","SNRFOR","XR",0.000359663775220881,0.000768351944989677,0.00121979059609434,0.00184298524991574,0.00248897876074208,"A"
"217",16127,"BMY","Bristol Myers Squibb Co","SNRFOR","XR",0.000333842181107569,0.000753952413066894,0.00119327948317192,0.0018065750313908,0.00244465659779647,"A"
"225",16128,"BMY","Bristol Myers Squibb Co","SNRFOR","XR",0.000348324655989907,0.000764386900507032,0.00120844740385269,0.0018180239210192,0.00245384731581514,"A"
"234",16129,"BMY","Bristol Myers Squibb Co","SNRFOR","XR",0.000278568061994237,0.000731879715741998,0.00121559232319488,0.00177658899668702,0.00238851897379459,"A"
"22",16132,"BMY","Bristol Myers Squibb Co","SNRFOR","XR",0.000272110941664873,0.00075260058901629,0.0012361192749595,0.00180226410765108,0.00240037440107622,"A"
"31",16133,"BMY","Bristol Myers Squibb Co","SNRFOR","XR",0.000253514682466147,0.000739189838319422,0.0012165912067345,0.00176463836252909,0.00234436252258312,"A"
"40",16134,"BMY","Bristol Myers Squibb Co","SNRFOR","XR",0.000252174826993245,0.000742750101129984,0.00121515298163959,0.00176263192997846,0.00234701386352917,"A"
"48",16135,"BMY","Bristol Myers Squibb Co","SNRFOR","XR",0.000248259822411425,0.000735417312035589,0.00121045015373513,0.00175382720789792,0.00232874753364763,"A"
"57",16136,"BMY","Bristol Myers Squibb Co","SNRFOR","XR",0.000272321781371699,0.000723066827845445,0.00123315646259369,0.00181891978902284,0.00237907344344467,"A"
"82",16139,"BMY","Bristol Myers Squibb Co","SNRFOR","XR",0.000291108751354282,0.00071165126702895,0.00120056084848643,0.00173559180581893,0.00232907379189662,"A"
"91",16140,"BMY","Bristol Myers Squibb Co","SNRFOR","XR",0.000279998854224473,0.000735346911917624,0.00124103855689392,0.00176132178772662,0.00235047068510083,"A"
"100",16141,"BMY","Bristol Myers Squibb Co","SNRFOR","XR",0.000356102652748057,0.000772727070279258,0.0012546104586388,0.00189341345661469,0.00247563449934321,"A"
"108",16142,"BMY","Bristol Myers Squibb Co","SNRFOR","XR",0.000274410955891335,0.00076045138305642,0.00126918318218629,0.00187334684110728,0.0024590017398855,"A"
"117",16143,"BMY","Bristol Myers Squibb Co","SNRFOR","XR",0.0003470992413105,0.000800222351491989,0.00135902981771411,0.00195017357323254,0.00255556506568067,"A"
"142",16146,"BMY","Bristol Myers Squibb Co","SNRFOR","XR",0.000354038569741289,0.000779946984044324,0.00133021793922834,0.00191186096506543,0.0025144090903259,"A"
"151",16147,"BMY","Bristol Myers Squibb Co","SNRFOR","XR",0.000346289980892084,0.00078514359309327,0.0013275648548868,0.00187995304193019,0.00250346406630562,"A"
"160",16148,"BMY","Bristol Myers Squibb Co","SNRFOR","XR",0.000323409413357622,0.000776148881699913,0.00128777875719031,0.00185833919773035,0.00249549755942409,"A"
"168",16149,"BMY","Bristol Myers Squibb Co","SNRFOR","XR",0.000461121203840802,0.000898575683282224,0.00143201776656572,0.00205062644199458,0.00266583105661848,"A"
"177",16150,"BMY","Bristol Myers Squibb Co","SNRFOR","XR",0.000446985378077838,0.00090603270735968,0.00143914877114632,0.00204867664775476,0.00264633896455009,"A"
"202",16153,"BMY","Bristol Myers Squibb Co","SNRFOR","XR",0.000445421882142123,0.000916746673014907,0.00143429252756484,0.00201187319882714,0.00262866843018024,"A"
"211",16154,"BMY","Bristol Myers Squibb Co","SNRFOR","XR",0.000420850627208589,0.000886597296385215,0.0014003593425312,0.00198770216136974,0.0026201267752288,"A"
"220",16155,"BMY","Bristol Myers Squibb Co","SNRFOR","XR",0.000419788224656829,0.000883621850004671,0.00139677834274479,0.00198304073372812,0.00261412569581497,"A"
"228",16156,"BMY","Bristol Myers Squibb Co","SNRFOR","XR",0.000375108980024868,0.000842261955545571,0.00134629218190352,0.00197023267761084,0.00260117747521799,"A"
"237",16157,"BMY","Bristol Myers Squibb Co","SNRFOR","XR",0.000366719701452233,0.000841080144879855,0.0013512937621324,0.00194409170083526,0.00260811393760915,"A"
"261",16160,"BMY","Bristol Myers Squibb Co","SNRFOR","XR",0.000401007826719159,0.000843518946760255,0.00132338626817066,0.00196550577490362,0.00263393902241957,"A"
"1",16161,"BMY","Bristol Myers Squibb Co","SNRFOR","XR",0.000394711215119864,0.000830272074301914,0.00130312583127238,0.0019295160673599,0.00259439454960792,"A"
"8",16162,"BMY","Bristol Myers Squibb Co","SNRFOR","XR",0.000523957512880723,0.000904547107032179,0.00140545989280705,0.00199836908113079,0.00260808301964125,"A"
"16",16163,"BMY","Bristol Myers Squibb Co","SNRFOR","XR",0.000416671855672552,0.000842511301895085,0.00133007802208744,0.00194234681578683,0.00251339645943708,"A"
"26",16164,"BMY","Bristol Myers Squibb Co","SNRFOR","XR",0.000460088629420228,0.000840345169880252,0.00132335256563995,0.00194781226968695,0.00254018419216491,"A"
"52",16167,"BMY","Bristol Myers Squibb Co","SNRFOR","XR",0.000361140630833723,0.000772713320548054,0.00124161201283059,0.00184682745910897,0.00249191905452763,"A"
"61",16168,"BMY","Bristol Myers Squibb Co","SNRFOR","XR",0.000364251118926539,0.000782634079923704,0.00125882004496248,0.00184757801451841,0.0024821392223359,"A"
"68",16169,"BMY","Bristol Myers Squibb Co","SNRFOR","XR",0.000344884278174396,0.000771330546132831,0.00124634587661184,0.00182807338039219,0.00247091711865051,"A"
"76",16170,"BMY","Bristol Myers Squibb Co","SNRFOR","XR",0.000298508162981869,0.000754547819969725,0.00122721115739773,0.00180947756873985,0.0024500772675861,"A"
"86",16171,"BMY","Bristol Myers Squibb Co","SNRFOR","XR",0.000294649058139033,0.000742262313651099,0.00122436243497543,0.00180507525851201,0.00244766769184957,"A"
"112",16174,"BMY","Bristol Myers Squibb Co","SNRFOR","XR",0.000207100647560201,0.000763862588348831,0.00129490300934834,0.00185226845348428,0.00247998286883394,"A"
"121",16175,"BMY","Bristol Myers Squibb Co","SNRFOR","XR",0.00024800130592614,0.000787283083245536,0.00131429148490974,0.00191419962044662,0.00251633543276875,"A"
"128",16176,"BMY","Bristol Myers Squibb Co","SNRFOR","XR",0.000206554237722788,0.00076160247953516,0.00129124283136159,0.00184747210274806,0.0024746185659757,"A"
"136",16177,"BMY","Bristol Myers Squibb Co","SNRFOR","XR",0.000199147955702648,0.000777127020711711,0.00128518876092651,0.00183442004123614,0.00247345591459087,"A"
"146",16178,"BMY","Bristol Myers Squibb Co","SNRFOR","XR",0.000199097962998973,0.00077751918472155,0.00128580158842981,0.00183546965031841,0.00247484533440392,"A"
"172",16181,"BMY","Bristol Myers Squibb Co","SNRFOR","XR",0.000242053710615336,0.000785039591126176,0.00130647278322104,0.00187614152158976,0.00249493444621108,"A"
"181",16182,"BMY","Bristol Myers Squibb Co","SNRFOR","XR",0.000259260519887753,0.000789007266230919,0.00127033425476796,0.00186382757603992,0.00248239223209279,"A"
"188",16183,"BMY","Bristol Myers Squibb Co","SNRFOR","XR",0.000295417999453913,0.000798136753211649,0.00131993605104776,0.00189676075224944,0.00255343855323813,"A"
"196",16184,"BMY","Bristol Myers Squibb Co","SNRFOR","XR",0.000295110429343494,0.000800467528093445,0.00132319463459486,0.00190017789332585,0.00256011850999936,"A"
"206",16185,"BMY","Bristol Myers Squibb Co","SNRFOR","XR",0.000333243279449601,0.000797318466035397,0.0012955824686362,0.00189192123499097,0.00254684478762335,"A"
"232",16188,"BMY","Bristol Myers Squibb Co","SNRFOR","XR",0.000270164097285729,0.000805607448951262,0.00133319066841109,0.00189797707030875,0.00254162514432074,"A"
"242",16189,"BMY","Bristol Myers Squibb Co","SNRFOR","XR",0.000297107615240821,0.000783493568214844,0.00130685445718532,0.00187024347433484,0.00249699106634897,"A"
"250",16190,"BMY","Bristol Myers Squibb Co","SNRFOR","XR",0.000255999369790615,0.000823600626571115,0.00135270595512044,0.00199588522835565,0.00256735019568094,"A"
