"","Date","Ticker","ShortName","Tier","DocClause","Spread1y","Spread2y","Spread3y","Spread4y","Spread5y","AvRating"
"241",15824,"GOOGLE","GOOGLE INC","SNRFOR","XR",NA,NA,NA,NA,0.00303849230004446,"AA"
"249",15825,"GOOGLE","GOOGLE INC","SNRFOR","XR",NA,NA,NA,NA,0.00298437203677446,"AA"
"5",15826,"GOOGLE","GOOGLE INC","SNRFOR","XR",NA,NA,NA,NA,0.00301114770924622,"AA"
"13",15827,"GOOGLE","GOOGLE INC","SNRFOR","XR",NA,NA,NA,NA,0.00295617915372258,"AA"
"23",15828,"GOOGLE","GOOGLE INC","SNRFOR","XR",NA,NA,NA,NA,0.00287028778544282,"AA"
"49",15831,"GOOGLE","GOOGLE INC","SNRFOR","XR",NA,NA,NA,NA,0.00281264598269719,"AA"
"58",15832,"GOOGLE","GOOGLE INC","SNRFOR","XR",NA,NA,NA,NA,0.00275483410411165,"AA"
"65",15833,"GOOGLE","GOOGLE INC","SNRFOR","XR",NA,NA,NA,NA,0.00272603797925181,"AA"
"73",15834,"GOOGLE","GOOGLE INC","SNRFOR","XR",NA,NA,NA,NA,0.00275065831914283,"AA"
"83",15835,"GOOGLE","GOOGLE INC","SNRFOR","XR",NA,NA,NA,NA,0.00276298208972923,"AA"
"109",15838,"GOOGLE","GOOGLE INC","SNRFOR","XR",NA,NA,NA,NA,0.00281776131267326,"AA"
"118",15839,"GOOGLE","GOOGLE INC","SNRFOR","XR",NA,NA,NA,NA,0.00282582836559619,"AA"
"125",15840,"GOOGLE","GOOGLE INC","SNRFOR","XR",NA,NA,NA,NA,0.00281045014136576,"AA"
"133",15841,"GOOGLE","GOOGLE INC","SNRFOR","XR",NA,NA,NA,NA,0.00280266436162908,"AA"
"143",15842,"GOOGLE","GOOGLE INC","SNRFOR","XR",NA,NA,NA,NA,0.00277388268062751,"AA"
"169",15845,"GOOGLE","GOOGLE INC","SNRFOR","XR",NA,NA,NA,NA,0.00277463781284754,"AA"
"178",15846,"GOOGLE","GOOGLE INC","SNRFOR","XR",NA,NA,NA,NA,0.00275551002678273,"AA"
"185",15847,"GOOGLE","GOOGLE INC","SNRFOR","XR",NA,NA,NA,NA,0.00277466285375058,"AA"
"193",15848,"GOOGLE","GOOGLE INC","SNRFOR","XR",NA,NA,NA,NA,0.00282385898582483,"AA"
"203",15849,"GOOGLE","GOOGLE INC","SNRFOR","XR",NA,NA,NA,NA,0.00288748005303733,"AA"
"229",15852,"GOOGLE","GOOGLE INC","SNRFOR","XR",NA,NA,NA,NA,0.0029193400927391,"AA"
"238",15853,"GOOGLE","GOOGLE INC","SNRFOR","XR",NA,NA,NA,NA,0.00294018668760865,"AA"
"246",15854,"GOOGLE","GOOGLE INC","SNRFOR","XR",NA,NA,NA,NA,0.00297508502448667,"AA"
"255",15855,"GOOGLE","GOOGLE INC","SNRFOR","XR",NA,NA,NA,NA,0.00297290010819923,"AA"
"262",15856,"GOOGLE","GOOGLE INC","SNRFOR","XR",NA,NA,NA,NA,0.00304013450825338,"AA"
"21",15859,"GOOGLE","GOOGLE INC","SNRFOR","XR",NA,NA,NA,NA,0.00305921965092628,"AA"
"30",15860,"GOOGLE","GOOGLE INC","SNRFOR","XR",NA,NA,NA,NA,0.00312235084857982,"AA"
"39",15861,"GOOGLE","GOOGLE INC","SNRFOR","XR",NA,NA,NA,NA,0.0032370477492759,"AA"
"47",15862,"GOOGLE","GOOGLE INC","SNRFOR","XR",NA,NA,NA,NA,0.00325528539002605,"AA"
"56",15863,"GOOGLE","GOOGLE INC","SNRFOR","XR",NA,NA,NA,NA,0.00321022378257947,"AA"
"81",15866,"GOOGLE","GOOGLE INC","SNRFOR","XR",NA,NA,NA,NA,0.00324651033291074,"AA"
"90",15867,"GOOGLE","GOOGLE INC","SNRFOR","XR",NA,NA,NA,NA,0.00328928085956779,"AA"
"99",15868,"GOOGLE","GOOGLE INC","SNRFOR","XR",NA,NA,NA,NA,0.0033497345972436,"AA"
"107",15869,"GOOGLE","GOOGLE INC","SNRFOR","XR",NA,NA,NA,NA,0.00328727146822244,"AA"
"116",15870,"GOOGLE","GOOGLE INC","SNRFOR","XR",NA,NA,NA,NA,0.00328018198378096,"AA"
"141",15873,"GOOGLE","GOOGLE INC","SNRFOR","XR",NA,NA,NA,NA,0.00324276852796359,"AA"
"150",15874,"GOOGLE","GOOGLE INC","SNRFOR","XR",NA,NA,NA,NA,0.00322894002797297,"AA"
"159",15875,"GOOGLE","GOOGLE INC","SNRFOR","XR",NA,NA,NA,NA,0.00322203874498502,"AA"
"167",15876,"GOOGLE","GOOGLE INC","SNRFOR","XR",NA,NA,NA,NA,0.00350778622876368,"AA"
"176",15877,"GOOGLE","GOOGLE INC","SNRFOR","XR",NA,NA,NA,NA,0.00365098385761765,"AA"
"201",15880,"GOOGLE","GOOGLE INC","SNRFOR","XR",NA,NA,NA,NA,0.00381477177953663,"AA"
"210",15881,"GOOGLE","GOOGLE INC","SNRFOR","XR",NA,NA,NA,NA,0.00389676693855316,"AA"
"219",15882,"GOOGLE","GOOGLE INC","SNRFOR","XR",NA,NA,NA,NA,0.00382090594576445,"AA"
"227",15883,"GOOGLE","GOOGLE INC","SNRFOR","XR",NA,NA,NA,NA,0.00366584934109231,"AA"
"236",15884,"GOOGLE","GOOGLE INC","SNRFOR","XR",NA,NA,NA,NA,0.0036176763383638,"AA"
"4",15887,"GOOGLE","GOOGLE INC","SNRFOR","XR",NA,NA,NA,NA,0.00353512449252845,"AA"
"12",15888,"GOOGLE","GOOGLE INC","SNRFOR","XR",NA,NA,NA,NA,0.00349393827684884,"AA"
"20",15889,"GOOGLE","GOOGLE INC","SNRFOR","XR",NA,NA,NA,NA,0.00349771845095163,"AA"
"29",15890,"GOOGLE","GOOGLE INC","SNRFOR","XR",NA,NA,NA,NA,0.00349962908029707,"AA"
"38",15891,"GOOGLE","GOOGLE INC","SNRFOR","XR",NA,NA,NA,NA,0.00351521197513075,"AA"
"64",15894,"GOOGLE","GOOGLE INC","SNRFOR","XR",NA,NA,NA,NA,0.00344756135599699,"AA"
"72",15895,"GOOGLE","GOOGLE INC","SNRFOR","XR",NA,NA,NA,NA,0.00339429608091923,"AA"
"80",15896,"GOOGLE","GOOGLE INC","SNRFOR","XR",NA,NA,NA,NA,0.0033652268967611,"AA"
"89",15897,"GOOGLE","GOOGLE INC","SNRFOR","XR",NA,NA,NA,NA,0.00329224700365162,"AA"
"98",15898,"GOOGLE","GOOGLE INC","SNRFOR","XR",NA,NA,NA,NA,0.00324592082821963,"AA"
"124",15901,"GOOGLE","GOOGLE INC","SNRFOR","XR",NA,NA,NA,NA,0.00320330645407916,"AA"
"132",15902,"GOOGLE","GOOGLE INC","SNRFOR","XR",NA,NA,NA,NA,0.00320154509901464,"AA"
"140",15903,"GOOGLE","GOOGLE INC","SNRFOR","XR",NA,NA,NA,NA,0.003162083851255,"AA"
"149",15904,"GOOGLE","GOOGLE INC","SNRFOR","XR",NA,NA,NA,NA,0.00311262937710022,"AA"
"158",15905,"GOOGLE","GOOGLE INC","SNRFOR","XR",NA,NA,NA,NA,0.00308813867338496,"AA"
"184",15908,"GOOGLE","GOOGLE INC","SNRFOR","XR",NA,NA,NA,NA,0.00304166136369723,"AA"
"192",15909,"GOOGLE","GOOGLE INC","SNRFOR","XR",NA,NA,NA,NA,0.00305744762263058,"AA"
"200",15910,"GOOGLE","GOOGLE INC","SNRFOR","XR",NA,NA,NA,NA,0.00309949960797345,"AA"
"209",15911,"GOOGLE","GOOGLE INC","SNRFOR","XR",NA,NA,NA,NA,0.00312055276862598,"AA"
"218",15912,"GOOGLE","GOOGLE INC","SNRFOR","XR",NA,NA,NA,NA,0.00309176564157822,"AA"
"245",15915,"GOOGLE","GOOGLE INC","SNRFOR","XR",NA,NA,NA,NA,0.00307741257203346,"AA"
"254",15916,"GOOGLE","GOOGLE INC","SNRFOR","XR",NA,NA,NA,NA,0.00309990324197638,"AA"
"260",15917,"GOOGLE","GOOGLE INC","SNRFOR","XR",NA,NA,NA,NA,0.00308672284167175,"AA"
"2",15918,"GOOGLE","GOOGLE INC","SNRFOR","XR",NA,NA,NA,NA,0.00307037924743236,"AA"
"9",15919,"GOOGLE","GOOGLE INC","SNRFOR","XR",NA,NA,NA,NA,0.00303298663542983,"AA"
"35",15922,"GOOGLE","GOOGLE INC","SNRFOR","XR",NA,NA,NA,NA,0.00301433657009769,"AA"
"43",15923,"GOOGLE","GOOGLE INC","SNRFOR","XR",NA,NA,NA,NA,0.00303918297325937,"AA"
"53",15924,"GOOGLE","GOOGLE INC","SNRFOR","XR",NA,NA,NA,NA,0.00308581529520848,"AA"
"62",15925,"GOOGLE","GOOGLE INC","SNRFOR","XR",NA,NA,NA,NA,0.00308948099588888,"AA"
"69",15926,"GOOGLE","GOOGLE INC","SNRFOR","XR",NA,NA,NA,NA,0.00309142371716169,"AA"
"95",15929,"GOOGLE","GOOGLE INC","SNRFOR","XR",NA,NA,NA,NA,0.00309730467335774,"AA"
"103",15930,"GOOGLE","GOOGLE INC","SNRFOR","XR",NA,NA,NA,NA,0.00310027916505916,"AA"
"113",15931,"GOOGLE","GOOGLE INC","SNRFOR","XR",NA,NA,NA,NA,0.00310178268722464,"AA"
"122",15932,"GOOGLE","GOOGLE INC","SNRFOR","XR",NA,NA,NA,NA,0.00317076854144919,"AA"
"129",15933,"GOOGLE","GOOGLE INC","SNRFOR","XR",NA,NA,NA,NA,0.00325403213281262,"AA"
"155",15936,"GOOGLE","GOOGLE INC","SNRFOR","XR",NA,NA,NA,NA,0.00333472449388272,"AA"
"163",15937,"GOOGLE","GOOGLE INC","SNRFOR","XR",NA,NA,NA,NA,0.00337512837139313,"AA"
"173",15938,"GOOGLE","GOOGLE INC","SNRFOR","XR",NA,NA,NA,NA,0.00340509058470163,"AA"
"182",15939,"GOOGLE","GOOGLE INC","SNRFOR","XR",NA,NA,NA,NA,0.00336170949034194,"AA"
"189",15940,"GOOGLE","GOOGLE INC","SNRFOR","XR",NA,NA,NA,NA,0.00330100422701807,"AA"
"215",15943,"GOOGLE","GOOGLE INC","SNRFOR","XR",NA,NA,NA,NA,0.00327062374434494,"AA"
"223",15944,"GOOGLE","GOOGLE INC","SNRFOR","XR",NA,NA,NA,NA,0.00332365539895194,"AA"
"233",15945,"GOOGLE","GOOGLE INC","SNRFOR","XR",NA,NA,NA,NA,0.00337944562428066,"AA"
"243",15946,"GOOGLE","GOOGLE INC","SNRFOR","XR",NA,NA,NA,NA,0.00338299612885473,"AA"
"251",15947,"GOOGLE","GOOGLE INC","SNRFOR","XR",NA,NA,NA,NA,0.00338478294660972,"AA"
"15",15950,"GOOGLE","GOOGLE INC","SNRFOR","XR",NA,NA,NA,NA,0.00338571898180451,"AA"
"25",15951,"GOOGLE","GOOGLE INC","SNRFOR","XR",NA,NA,NA,NA,0.003405841092386,"AA"
"34",15952,"GOOGLE","GOOGLE INC","SNRFOR","XR",NA,NA,NA,NA,0.00340121404819905,"AA"
"42",15953,"GOOGLE","GOOGLE INC","SNRFOR","XR",NA,NA,NA,NA,0.00341354752988769,"AA"
"51",15954,"GOOGLE","GOOGLE INC","SNRFOR","XR",NA,NA,NA,NA,0.00338079930371093,"AA"
"75",15957,"GOOGLE","GOOGLE INC","SNRFOR","XR",NA,NA,NA,NA,0.00330631542419853,"AA"
"85",15958,"GOOGLE","GOOGLE INC","SNRFOR","XR",NA,NA,NA,NA,0.00325375968719454,"AA"
"94",15959,"GOOGLE","GOOGLE INC","SNRFOR","XR",NA,NA,NA,NA,0.00318918490073276,"AA"
"102",15960,"GOOGLE","GOOGLE INC","SNRFOR","XR",NA,NA,NA,NA,0.00318090556945965,"AA"
"111",15961,"GOOGLE","GOOGLE INC","SNRFOR","XR",NA,NA,NA,NA,0.00318097207196563,"AA"
"135",15964,"GOOGLE","GOOGLE INC","SNRFOR","XR",NA,NA,NA,NA,0.00313290872883485,"AA"
"145",15965,"GOOGLE","GOOGLE INC","SNRFOR","XR",NA,NA,NA,NA,0.00307444547118949,"AA"
"154",15966,"GOOGLE","GOOGLE INC","SNRFOR","XR",NA,NA,NA,NA,0.00297815268159303,"AA"
"162",15967,"GOOGLE","GOOGLE INC","SNRFOR","XR",NA,NA,NA,NA,0.0029305054940166,"AA"
"171",15968,"GOOGLE","GOOGLE INC","SNRFOR","XR",NA,NA,NA,NA,0.00301817222588234,"AA"
"195",15971,"GOOGLE","GOOGLE INC","SNRFOR","XR",NA,NA,NA,NA,0.00307196515125415,"AA"
"205",15972,"GOOGLE","GOOGLE INC","SNRFOR","XR",NA,NA,NA,NA,0.00307874518505041,"AA"
"214",15973,"GOOGLE","GOOGLE INC","SNRFOR","XR",NA,NA,NA,NA,0.00309681443054074,"AA"
"222",15974,"GOOGLE","GOOGLE INC","SNRFOR","XR",NA,NA,NA,NA,0.00310562363039596,"AA"
"231",15975,"GOOGLE","GOOGLE INC","SNRFOR","XR",NA,NA,NA,NA,0.00312970963866809,"AA"
"257",15978,"GOOGLE","GOOGLE INC","SNRFOR","XR",NA,NA,NA,NA,0.00316340312052041,"AA"
"7",15979,"GOOGLE","GOOGLE INC","SNRFOR","XR",NA,NA,NA,NA,0.00318026351357529,"AA"
"14",15980,"GOOGLE","GOOGLE INC","SNRFOR","XR",NA,NA,NA,NA,0.00314974232566238,"AA"
"24",15981,"GOOGLE","GOOGLE INC","SNRFOR","XR",NA,NA,NA,NA,0.00315406190636609,"AA"
"33",15982,"GOOGLE","GOOGLE INC","SNRFOR","XR",NA,NA,NA,NA,0.00315623417509983,"AA"
"60",15985,"GOOGLE","GOOGLE INC","SNRFOR","XR",NA,NA,NA,NA,0.00319145565141531,"AA"
"67",15986,"GOOGLE","GOOGLE INC","SNRFOR","XR",NA,NA,NA,NA,0.00324544018211874,"AA"
"74",15987,"GOOGLE","GOOGLE INC","SNRFOR","XR",NA,NA,NA,NA,0.0032724595718489,"AA"
"84",15988,"GOOGLE","GOOGLE INC","SNRFOR","XR",NA,NA,NA,NA,0.00326670560403583,"AA"
"93",15989,"GOOGLE","GOOGLE INC","SNRFOR","XR",NA,NA,NA,NA,0.00317532104905955,"AA"
"120",15992,"GOOGLE","GOOGLE INC","SNRFOR","XR",NA,NA,NA,NA,0.00308819487126784,"AA"
"127",15993,"GOOGLE","GOOGLE INC","SNRFOR","XR",NA,NA,NA,NA,0.0030542841784586,"AA"
"134",15994,"GOOGLE","GOOGLE INC","SNRFOR","XR",NA,NA,NA,NA,0.00296917167953501,"AA"
"144",15995,"GOOGLE","GOOGLE INC","SNRFOR","XR",NA,NA,NA,NA,0.00261729011381252,"AA"
"153",15996,"GOOGLE","GOOGLE INC","SNRFOR","XR",NA,NA,NA,NA,0.002436640630179,"AA"
"180",15999,"GOOGLE","GOOGLE INC","SNRFOR","XR",NA,NA,NA,NA,0.00234634865699251,"AA"
"187",16000,"GOOGLE","GOOGLE INC","SNRFOR","XR",NA,NA,NA,NA,0.00230672580462609,"AA"
"194",16001,"GOOGLE","GOOGLE INC","SNRFOR","XR",NA,NA,NA,NA,0.00228246846341795,"AA"
"204",16002,"GOOGLE","GOOGLE INC","SNRFOR","XR",NA,NA,NA,NA,0.0022684752595664,"AA"
"213",16003,"GOOGLE","GOOGLE INC","SNRFOR","XR",NA,NA,NA,NA,0.00226417603142968,"AA"
"240",16006,"GOOGLE","GOOGLE INC","SNRFOR","XR",NA,NA,NA,NA,0.00226302777361297,"AA"
"248",16007,"GOOGLE","GOOGLE INC","SNRFOR","XR",NA,NA,NA,NA,0.00226112126335263,"AA"
"256",16008,"GOOGLE","GOOGLE INC","SNRFOR","XR",NA,NA,NA,NA,0.00225766475375443,"AA"
"263",16009,"GOOGLE","GOOGLE INC","SNRFOR","XR",NA,NA,NA,NA,0.00225752426318215,"AA"
"6",16010,"GOOGLE","GOOGLE INC","SNRFOR","XR",NA,NA,NA,NA,0.00225447706661623,"AA"
"32",16013,"GOOGLE","GOOGLE INC","SNRFOR","XR",NA,NA,NA,NA,0.00225780866464351,"AA"
"41",16014,"GOOGLE","GOOGLE INC","SNRFOR","XR",NA,NA,NA,NA,0.00225675147616263,"AA"
"50",16015,"GOOGLE","GOOGLE INC","SNRFOR","XR",NA,NA,NA,NA,0.00228510754484404,"AA"
"59",16016,"GOOGLE","GOOGLE INC","SNRFOR","XR",NA,NA,NA,NA,0.00227301616862258,"AA"
"66",16017,"GOOGLE","GOOGLE INC","SNRFOR","XR",NA,NA,NA,NA,0.00225844363390747,"AA"
"92",16020,"GOOGLE","GOOGLE INC","SNRFOR","XR",NA,NA,NA,NA,0.00225849214671097,"AA"
"101",16021,"GOOGLE","GOOGLE INC","SNRFOR","XR",NA,NA,NA,NA,0.00225644525190521,"AA"
"110",16022,"GOOGLE","GOOGLE INC","SNRFOR","XR",NA,NA,NA,NA,0.00226258230583228,"AA"
"119",16023,"GOOGLE","GOOGLE INC","SNRFOR","XR",NA,NA,NA,NA,0.00226223686615539,"AA"
"126",16024,"GOOGLE","GOOGLE INC","SNRFOR","XR",NA,NA,NA,NA,0.00225990243141793,"AA"
"152",16027,"GOOGLE","GOOGLE INC","SNRFOR","XR",NA,NA,NA,NA,0.00226015203883297,"AA"
"161",16028,"GOOGLE","GOOGLE INC","SNRFOR","XR",NA,NA,NA,NA,0.002256060716145,"AA"
"170",16029,"GOOGLE","GOOGLE INC","SNRFOR","XR",NA,NA,NA,NA,0.00225901568913935,"AA"
"179",16030,"GOOGLE","GOOGLE INC","SNRFOR","XR",NA,NA,NA,NA,0.00225914501860151,"AA"
"186",16031,"GOOGLE","GOOGLE INC","SNRFOR","XR",NA,NA,NA,NA,0.00225753642464737,"AA"
"212",16034,"GOOGLE","GOOGLE INC","SNRFOR","XR",NA,NA,NA,NA,0.00225820035126577,"AA"
"221",16035,"GOOGLE","GOOGLE INC","SNRFOR","XR",NA,NA,NA,NA,0.00225941619004627,"AA"
"230",16036,"GOOGLE","GOOGLE INC","SNRFOR","XR",NA,NA,NA,NA,0.00225708700583602,"AA"
"239",16037,"GOOGLE","GOOGLE INC","SNRFOR","XR",NA,NA,NA,NA,0.00225732372259098,"AA"
"247",16038,"GOOGLE","GOOGLE INC","SNRFOR","XR",NA,NA,NA,NA,0.0022563535323831,"AA"
"10",16041,"GOOGLE","GOOGLE INC","SNRFOR","XR",NA,NA,NA,NA,0.00225404716912053,"AA"
"17",16042,"GOOGLE","GOOGLE INC","SNRFOR","XR",NA,NA,NA,NA,0.00225291570381073,"AA"
"27",16043,"GOOGLE","GOOGLE INC","SNRFOR","XR",NA,NA,NA,NA,0.00225272394783156,"AA"
"36",16044,"GOOGLE","GOOGLE INC","SNRFOR","XR",NA,NA,NA,NA,0.00225361456836383,"AA"
"44",16045,"GOOGLE","GOOGLE INC","SNRFOR","XR",NA,NA,NA,NA,0.00225365760124986,"AA"
"70",16048,"GOOGLE","GOOGLE INC","SNRFOR","XR",NA,NA,NA,NA,0.00225572584939767,"AA"
"77",16049,"GOOGLE","GOOGLE INC","SNRFOR","XR",NA,NA,NA,NA,0.00225753687918334,"AA"
"87",16050,"GOOGLE","GOOGLE INC","SNRFOR","XR",NA,NA,NA,NA,0.00225466448872279,"AA"
"96",16051,"GOOGLE","GOOGLE INC","SNRFOR","XR",NA,NA,NA,NA,0.00225253131393212,"AA"
"104",16052,"GOOGLE","GOOGLE INC","SNRFOR","XR",NA,NA,NA,NA,0.00225522893100861,"AA"
"130",16055,"GOOGLE","GOOGLE INC","SNRFOR","XR",NA,NA,NA,NA,0.00225685080106226,"AA"
"137",16056,"GOOGLE","GOOGLE INC","SNRFOR","XR",NA,NA,NA,NA,0.00226070047461138,"AA"
"147",16057,"GOOGLE","GOOGLE INC","SNRFOR","XR",NA,NA,NA,NA,0.00225913117685459,"AA"
"156",16058,"GOOGLE","GOOGLE INC","SNRFOR","XR",NA,NA,NA,NA,0.00225156079321748,"AA"
"164",16059,"GOOGLE","GOOGLE INC","SNRFOR","XR",NA,NA,NA,NA,0.00225303115335508,"AA"
"190",16062,"GOOGLE","GOOGLE INC","SNRFOR","XR",NA,NA,NA,NA,0.0022527087183616,"AA"
"197",16063,"GOOGLE","GOOGLE INC","SNRFOR","XR",NA,NA,NA,NA,0.00225104737586015,"AA"
"207",16064,"GOOGLE","GOOGLE INC","SNRFOR","XR",NA,NA,NA,NA,0.00225412069120586,"AA"
"216",16065,"GOOGLE","GOOGLE INC","SNRFOR","XR",NA,NA,NA,NA,0.00225489632790804,"AA"
"224",16066,"GOOGLE","GOOGLE INC","SNRFOR","XR",NA,NA,NA,NA,0.00225728893482056,"AA"
"252",16069,"GOOGLE","GOOGLE INC","SNRFOR","XR",NA,NA,NA,NA,0.00225944004207372,"AA"
"258",16070,"GOOGLE","GOOGLE INC","SNRFOR","XR",NA,NA,NA,NA,0.0022563241035778,"AA"
"3",16071,"GOOGLE","GOOGLE INC","SNRFOR","XR",NA,NA,NA,NA,0.00225741380106736,"AA"
"11",16072,"GOOGLE","GOOGLE INC","SNRFOR","XR",NA,NA,NA,NA,0.0022585122338357,"AA"
"19",16073,"GOOGLE","GOOGLE INC","SNRFOR","XR",NA,NA,NA,NA,0.00225645924885446,"AA"
"46",16076,"GOOGLE","GOOGLE INC","SNRFOR","XR",NA,NA,NA,NA,0.00226004018872068,"AA"
"55",16077,"GOOGLE","GOOGLE INC","SNRFOR","XR",NA,NA,NA,NA,0.0022600103285777,"AA"
"63",16078,"GOOGLE","GOOGLE INC","SNRFOR","XR",NA,NA,NA,NA,0.00225161986785837,"AA"
"71",16079,"GOOGLE","GOOGLE INC","SNRFOR","XR",NA,NA,NA,NA,0.00225458316139779,"AA"
"79",16080,"GOOGLE","GOOGLE INC","SNRFOR","XR",NA,NA,NA,NA,0.0022646840245836,"AA"
"106",16083,"GOOGLE","GOOGLE INC","SNRFOR","XR",NA,NA,NA,NA,0.00226469483156269,"AA"
"115",16084,"GOOGLE","GOOGLE INC","SNRFOR","XR",NA,NA,NA,NA,0.00225642525846748,"AA"
"123",16085,"GOOGLE","GOOGLE INC","SNRFOR","XR",NA,NA,NA,NA,0.00225440748220648,"AA"
"131",16086,"GOOGLE","GOOGLE INC","SNRFOR","XR",NA,NA,NA,NA,0.00225743690380432,"AA"
"139",16087,"GOOGLE","GOOGLE INC","SNRFOR","XR",NA,NA,NA,NA,0.00225782455215012,"AA"
"166",16090,"GOOGLE","GOOGLE INC","SNRFOR","XR",NA,NA,NA,NA,0.00225708701143558,"AA"
"175",16091,"GOOGLE","GOOGLE INC","SNRFOR","XR",NA,NA,NA,NA,0.00225622132365645,"AA"
"183",16092,"GOOGLE","GOOGLE INC","SNRFOR","XR",NA,NA,NA,NA,0.00225324588975868,"AA"
"191",16093,"GOOGLE","GOOGLE INC","SNRFOR","XR",NA,NA,NA,NA,0.00226178335135379,"AA"
"199",16094,"GOOGLE","GOOGLE INC","SNRFOR","XR",NA,NA,NA,NA,0.00226107267511206,"AA"
"226",16097,"GOOGLE","GOOGLE INC","SNRFOR","XR",NA,NA,NA,NA,0.00225689347221065,"AA"
"235",16098,"GOOGLE","GOOGLE INC","SNRFOR","XR",NA,NA,NA,NA,0.00225939925607075,"AA"
"244",16099,"GOOGLE","GOOGLE INC","SNRFOR","XR",NA,NA,NA,NA,0.00226214872963577,"AA"
"253",16100,"GOOGLE","GOOGLE INC","SNRFOR","XR",NA,NA,NA,NA,0.00225902624607089,"AA"
"259",16101,"GOOGLE","GOOGLE INC","SNRFOR","XR",NA,NA,NA,NA,0.00225996733846856,"AA"
"18",16104,"GOOGLE","GOOGLE INC","SNRFOR","XR",NA,NA,NA,NA,0.00226277425535419,"AA"
"28",16105,"GOOGLE","GOOGLE INC","SNRFOR","XR",NA,NA,NA,NA,0.002257968937411,"AA"
"37",16106,"GOOGLE","GOOGLE INC","SNRFOR","XR",NA,NA,NA,NA,0.00225650946840712,"AA"
"45",16107,"GOOGLE","GOOGLE INC","SNRFOR","XR",NA,NA,NA,NA,0.00225524290874338,"AA"
"54",16108,"GOOGLE","GOOGLE INC","SNRFOR","XR",NA,NA,NA,NA,0.0022605652517295,"AA"
"78",16111,"GOOGLE","GOOGLE INC","SNRFOR","XR",NA,NA,NA,NA,0.00225902162778623,"AA"
"88",16112,"GOOGLE","GOOGLE INC","SNRFOR","XR",NA,NA,NA,NA,0.00225454011143009,"AA"
"97",16113,"GOOGLE","GOOGLE INC","SNRFOR","XR",NA,NA,NA,NA,0.00225341063558748,"AA"
"105",16114,"GOOGLE","GOOGLE INC","SNRFOR","XR",NA,NA,NA,NA,0.00225904112689565,"AA"
"114",16115,"GOOGLE","GOOGLE INC","SNRFOR","XR",NA,NA,NA,NA,0.00225684783948765,"AA"
"138",16118,"GOOGLE","GOOGLE INC","SNRFOR","XR",NA,NA,NA,NA,0.00225697763273002,"AA"
"148",16119,"GOOGLE","GOOGLE INC","SNRFOR","XR",NA,NA,NA,NA,0.00226013424214127,"AA"
"157",16120,"GOOGLE","GOOGLE INC","SNRFOR","XR",NA,NA,NA,NA,0.00225692981294822,"AA"
"165",16121,"GOOGLE","GOOGLE INC","SNRFOR","XR",NA,NA,NA,NA,0.00225519748385268,"AA"
"174",16122,"GOOGLE","GOOGLE INC","SNRFOR","XR",NA,NA,NA,NA,0.00225710236816039,"AA"
"198",16125,"GOOGLE","GOOGLE INC","SNRFOR","XR",NA,NA,NA,NA,0.00225646936307142,"AA"
"208",16126,"GOOGLE","GOOGLE INC","SNRFOR","XR",NA,NA,NA,NA,0.00225928783344367,"AA"
"217",16127,"GOOGLE","GOOGLE INC","SNRFOR","XR",NA,NA,NA,NA,0.00225986385093545,"AA"
"225",16128,"GOOGLE","GOOGLE INC","SNRFOR","XR",NA,NA,NA,NA,0.00225859029973066,"AA"
"234",16129,"GOOGLE","GOOGLE INC","SNRFOR","XR",NA,NA,NA,NA,0.00225591170375332,"AA"
"22",16132,"GOOGLE","GOOGLE INC","SNRFOR","XR",NA,NA,NA,NA,0.00225892528224107,"AA"
"31",16133,"GOOGLE","GOOGLE INC","SNRFOR","XR",NA,NA,NA,NA,0.00225367779947998,"AA"
"40",16134,"GOOGLE","GOOGLE INC","SNRFOR","XR",NA,NA,NA,NA,0.00225566129849783,"AA"
"48",16135,"GOOGLE","GOOGLE INC","SNRFOR","XR",NA,NA,NA,NA,0.00225346497095004,"AA"
"57",16136,"GOOGLE","GOOGLE INC","SNRFOR","XR",NA,NA,NA,NA,0.00225009188975769,"AA"
"82",16139,"GOOGLE","GOOGLE INC","SNRFOR","XR",NA,NA,NA,NA,0.00225466166132331,"AA"
"91",16140,"GOOGLE","GOOGLE INC","SNRFOR","XR",NA,NA,NA,NA,0.00225656883745812,"AA"
"100",16141,"GOOGLE","GOOGLE INC","SNRFOR","XR",NA,NA,NA,NA,0.00225834767916831,"AA"
"108",16142,"GOOGLE","GOOGLE INC","SNRFOR","XR",NA,NA,NA,NA,0.00226107394470828,"AA"
"117",16143,"GOOGLE","GOOGLE INC","SNRFOR","XR",NA,NA,NA,NA,0.00225829745954185,"AA"
"142",16146,"GOOGLE","GOOGLE INC","SNRFOR","XR",NA,NA,NA,NA,0.00225476384469209,"AA"
"151",16147,"GOOGLE","GOOGLE INC","SNRFOR","XR",NA,NA,NA,NA,0.0022575221679065,"AA"
"160",16148,"GOOGLE","GOOGLE INC","SNRFOR","XR",NA,NA,NA,NA,0.00224626709224106,"AA"
"168",16149,"GOOGLE","GOOGLE INC","SNRFOR","XR",NA,NA,NA,NA,0.00225004924299103,"AA"
"177",16150,"GOOGLE","GOOGLE INC","SNRFOR","XR",NA,NA,NA,NA,0.00225268765776247,"AA"
"202",16153,"GOOGLE","GOOGLE INC","SNRFOR","XR",NA,NA,NA,NA,0.00225221426071581,"AA"
"211",16154,"GOOGLE","GOOGLE INC","SNRFOR","XR",NA,NA,NA,NA,0.00225566359566113,"AA"
"220",16155,"GOOGLE","GOOGLE INC","SNRFOR","XR",NA,NA,NA,NA,0.00225967847534223,"AA"
"228",16156,"GOOGLE","GOOGLE INC","SNRFOR","XR",NA,NA,NA,NA,0.00225735863607177,"AA"
"237",16157,"GOOGLE","GOOGLE INC","SNRFOR","XR",NA,NA,NA,NA,0.00225526876406668,"AA"
"261",16160,"GOOGLE","GOOGLE INC","SNRFOR","XR",NA,NA,NA,NA,0.00225729145887781,"AA"
"1",16161,"GOOGLE","GOOGLE INC","SNRFOR","XR",NA,NA,NA,NA,0.00225607262387752,"AA"
"8",16162,"GOOGLE","GOOGLE INC","SNRFOR","XR",NA,NA,NA,NA,0.00225264215383396,"AA"
"16",16163,"GOOGLE","GOOGLE INC","SNRFOR","XR",NA,NA,NA,NA,0.00225474163899278,"AA"
"26",16164,"GOOGLE","GOOGLE INC","SNRFOR","XR",NA,NA,NA,NA,0.00226198274677792,"AA"
"52",16167,"GOOGLE","GOOGLE INC","SNRFOR","XR",NA,NA,NA,NA,0.00226230987350143,"AA"
"61",16168,"GOOGLE","GOOGLE INC","SNRFOR","XR",NA,NA,NA,NA,0.00226032586452604,"AA"
"68",16169,"GOOGLE","GOOGLE INC","SNRFOR","XR",NA,NA,NA,NA,0.00226176318904599,"AA"
"76",16170,"GOOGLE","GOOGLE INC","SNRFOR","XR",NA,NA,NA,NA,0.00226257066560512,"AA"
"86",16171,"GOOGLE","GOOGLE INC","SNRFOR","XR",NA,NA,NA,NA,0.00226095543685889,"AA"
"112",16174,"GOOGLE","GOOGLE INC","SNRFOR","XR",NA,NA,NA,NA,0.00225696464442287,"AA"
"121",16175,"GOOGLE","GOOGLE INC","SNRFOR","XR",NA,NA,NA,NA,0.0022561668384257,"AA"
"128",16176,"GOOGLE","GOOGLE INC","SNRFOR","XR",NA,NA,NA,NA,0.00225427278363191,"AA"
"136",16177,"GOOGLE","GOOGLE INC","SNRFOR","XR",NA,NA,NA,NA,0.00225163975860973,"AA"
"146",16178,"GOOGLE","GOOGLE INC","SNRFOR","XR",NA,NA,NA,NA,0.00225490804636284,"AA"
"172",16181,"GOOGLE","GOOGLE INC","SNRFOR","XR",NA,NA,NA,NA,0.0022575720222422,"AA"
"181",16182,"GOOGLE","GOOGLE INC","SNRFOR","XR",NA,NA,NA,NA,0.00225563895458496,"AA"
"188",16183,"GOOGLE","GOOGLE INC","SNRFOR","XR",NA,NA,NA,NA,0.00225855830487243,"AA"
"196",16184,"GOOGLE","GOOGLE INC","SNRFOR","XR",NA,NA,NA,NA,0.00225707635229931,"AA"
"206",16185,"GOOGLE","GOOGLE INC","SNRFOR","XR",NA,NA,NA,NA,0.0022582668670161,"AA"
"232",16188,"GOOGLE","GOOGLE INC","SNRFOR","XR",NA,NA,NA,NA,0.00225857364128554,"AA"
"242",16189,"GOOGLE","GOOGLE INC","SNRFOR","XR",NA,NA,NA,NA,0.00225830503842942,"AA"
"250",16190,"GOOGLE","GOOGLE INC","SNRFOR","XR",NA,NA,NA,NA,0.00226124708129544,"AA"
